-- phpMyAdmin SQL Dump
-- version 4.5.2
-- http://www.phpmyadmin.net
--
-- Client :  127.0.0.1
-- Généré le :  Jeu 12 Mai 2016 à 10:27
-- Version du serveur :  5.7.9
-- Version de PHP :  5.6.16

SET SQL_MODE = "NO_AUTO_VALUE_ON_ZERO";
SET time_zone = "+00:00";


/*!40101 SET @OLD_CHARACTER_SET_CLIENT=@@CHARACTER_SET_CLIENT */;
/*!40101 SET @OLD_CHARACTER_SET_RESULTS=@@CHARACTER_SET_RESULTS */;
/*!40101 SET @OLD_COLLATION_CONNECTION=@@COLLATION_CONNECTION */;
/*!40101 SET NAMES utf8mb4 */;

--
-- Base de données :  `projetm1`
--

-- --------------------------------------------------------

--
-- Structure de la table `choice`
--

DROP TABLE IF EXISTS `choice`;
CREATE TABLE IF NOT EXISTS `choice` (
  `login` char(8) NOT NULL,
  `club_id` char(36) NOT NULL,
  `choice_number` int(11) NOT NULL,
  PRIMARY KEY (`login`,`club_id`),
  KEY `fk_association_9` (`club_id`)
) ENGINE=InnoDB DEFAULT CHARSET=latin1;

--
-- Contenu de la table `choice`
--

INSERT INTO `choice` (`login`, `club_id`, `choice_number`) VALUES
('baboli17', '7cbed127-0df3-11e6-9aa9-448a5b42bfcd', 2),
('baboli17', '7cbed38f-0df3-11e6-9aa9-448a5b42bfcd', 3),
('baboli17', '7cbed72f-0df3-11e6-9aa9-448a5b42bfcd', 1),
('qduche17', '7cbed127-0df3-11e6-9aa9-448a5b42bfcd', 1),
('qduche17', '7cbed2e4-0df3-11e6-9aa9-448a5b42bfcd', 3),
('qduche17', '7cbed72f-0df3-11e6-9aa9-448a5b42bfcd', 2),
('tcouss17', '7cbed049-0df3-11e6-9aa9-448a5b42bfcd', 2),
('tcouss17', '7cbed548-0df3-11e6-9aa9-448a5b42bfcd', 1),
('tcouss17', '7cbed590-0df3-11e6-9aa9-448a5b42bfcd', 3);

-- --------------------------------------------------------

--
-- Structure de la table `classe`
--

DROP TABLE IF EXISTS `classe`;
CREATE TABLE IF NOT EXISTS `classe` (
  `school_year` int(11) NOT NULL,
  `login` char(8) NOT NULL,
  `classe_name` char(20) DEFAULT NULL,
  PRIMARY KEY (`school_year`,`login`)
) ENGINE=InnoDB DEFAULT CHARSET=latin1;

--
-- Contenu de la table `classe`
--

INSERT INTO `classe` (`school_year`, `login`, `classe_name`) VALUES
(2016, 'rcolli17', 'Personnel'),
(2016, 'vrioua17', 'Personnel');

-- --------------------------------------------------------

--
-- Structure de la table `club`
--

DROP TABLE IF EXISTS `club`;
CREATE TABLE IF NOT EXISTS `club` (
  `club_id` char(36) NOT NULL,
  `login` char(8) NOT NULL,
  `club_name` char(40) NOT NULL,
  `club_description` longtext,
  `club_mail` char(30) DEFAULT NULL,
  `actif` tinyint(1) DEFAULT NULL,
  `blocknote` longtext,
  PRIMARY KEY (`club_id`),
  KEY `fk_manage` (`login`)
) ENGINE=InnoDB DEFAULT CHARSET=latin1;

--
-- Contenu de la table `club`
--

INSERT INTO `club` (`club_id`, `login`, `club_name`, `club_description`, `club_mail`, `actif`, `blocknote`) VALUES
('7cbeab9e-0df3-11e6-9aa9-448a5b42bfcd', 'rcolli17', 'Don du sang', '', '', 1, NULL),
('7cbece9d-0df3-11e6-9aa9-448a5b42bfcd', 'rcolli17', 'Soutien Harteloire', '', '', 1, NULL),
('7cbecf95-0df3-11e6-9aa9-448a5b42bfcd', 'rcolli17', 'Bureau des Arts', '', '', 1, NULL),
('7cbecff8-0df3-11e6-9aa9-448a5b42bfcd', 'rcolli17', 'Tournée info', '', '', 1, NULL),
('7cbed049-0df3-11e6-9aa9-448a5b42bfcd', 'rcolli17', 'Asso. sociale A.F.E.V.', '', '', 1, NULL),
('7cbed09a-0df3-11e6-9aa9-448a5b42bfcd', 'rcolli17', 'Bureau des sports', '', '', 1, NULL),
('7cbed0e3-0df3-11e6-9aa9-448a5b42bfcd', 'rcolli17', 'Gala', '', '', 1, NULL),
('7cbed127-0df3-11e6-9aa9-448a5b42bfcd', 'vrioua17', 'Bureau des élèves', '', '', 1, NULL),
('7cbed174-0df3-11e6-9aa9-448a5b42bfcd', 'rcolli17', 'Club foyer', '', '', 1, NULL),
('7cbed1bd-0df3-11e6-9aa9-448a5b42bfcd', 'rcolli17', 'Club musique', '', '', 1, NULL),
('7cbed206-0df3-11e6-9aa9-448a5b42bfcd', 'rcolli17', 'Intégration', '', '', 1, NULL),
('7cbed24e-0df3-11e6-9aa9-448a5b42bfcd', 'rcolli17', 'Capisen', '', '', 1, NULL),
('7cbed29b-0df3-11e6-9aa9-448a5b42bfcd', 'rcolli17', 'Digital Design', '', '', 1, NULL),
('7cbed2e4-0df3-11e6-9aa9-448a5b42bfcd', 'vrioua17', 'Club Elec', 'Le club éléctronique de l''ISEN', 'clubelec@isen.fr', 1, NULL),
('7cbed346-0df3-11e6-9aa9-448a5b42bfcd', 'rcolli17', 'Web TV ISEN', '', '', 1, NULL),
('7cbed38f-0df3-11e6-9aa9-448a5b42bfcd', 'rcolli17', 'Moviezen', 'Le club vidéo de l''ISEN', 'moviezen@isen.fr', 1, NULL),
('7cbed3e0-0df3-11e6-9aa9-448a5b42bfcd', 'rcolli17', 'Bureau du développement durable', '', '', 1, NULL),
('7cbed429-0df3-11e6-9aa9-448a5b42bfcd', 'rcolli17', 'Club glisse', '', '', 1, NULL),
('7cbed472-0df3-11e6-9aa9-448a5b42bfcd', 'rcolli17', 'Kengred', '', '', 1, NULL),
('7cbed4ba-0df3-11e6-9aa9-448a5b42bfcd', 'rcolli17', '4L Trophy', '', '', 1, NULL),
('7cbed503-0df3-11e6-9aa9-448a5b42bfcd', 'rcolli17', 'Encadrement sport extérieur', '', '', 1, NULL),
('7cbed548-0df3-11e6-9aa9-448a5b42bfcd', 'rcolli17', 'AREI', '', '', 1, NULL),
('7cbed590-0df3-11e6-9aa9-448a5b42bfcd', 'rcolli17', 'Banque alimentaire', '', '', 1, NULL),
('7cbed5d5-0df3-11e6-9aa9-448a5b42bfcd', 'rcolli17', 'Forums', '', '', 1, NULL),
('7cbed619-0df3-11e6-9aa9-448a5b42bfcd', 'rcolli17', 'ISEN Immo', '', '', 1, NULL),
('7cbed65e-0df3-11e6-9aa9-448a5b42bfcd', 'rcolli17', 'Club Eva', '', '', 1, NULL),
('7cbed6a2-0df3-11e6-9aa9-448a5b42bfcd', 'rcolli17', 'Club international', '', '', 1, NULL),
('7cbed6e6-0df3-11e6-9aa9-448a5b42bfcd', 'rcolli17', 'Pon Pon Nippon', '', '', 1, NULL),
('7cbed72f-0df3-11e6-9aa9-448a5b42bfcd', 'rcolli17', 'Soutien ISEN', '', '', 1, NULL),
('7cbed778-0df3-11e6-9aa9-448a5b42bfcd', 'rcolli17', 'Bureau de l''international', '', '', 1, NULL),
('7cbed7bc-0df3-11e6-9aa9-448a5b42bfcd', 'rcolli17', 'Clubs externes', '', '', 1, NULL),
('8507bc94-1772-11e6-8a9c-0a0027000000', 'vrioua17', 'yolo', ':;,n ;, ;, ;, ;, ccececeee', '', 0, ''),
('9fa3dc18-1772-11e6-8a9c-0a0027000000', 'vrioua17', 'yolo uuuuuu', ':;,n ;, ;, ;, ;, ccececeee', '', 0, '');

-- --------------------------------------------------------

--
-- Structure de la table `effectif`
--

DROP TABLE IF EXISTS `effectif`;
CREATE TABLE IF NOT EXISTS `effectif` (
  `club_id` char(36) NOT NULL,
  `project_id` char(36) NOT NULL,
  `nb_asked_min` int(11) NOT NULL,
  `nb_asked_max` int(11) DEFAULT NULL,
  PRIMARY KEY (`club_id`,`project_id`),
  KEY `fk_effectif2` (`project_id`)
) ENGINE=InnoDB DEFAULT CHARSET=latin1;

--
-- Contenu de la table `effectif`
--

INSERT INTO `effectif` (`club_id`, `project_id`, `nb_asked_min`, `nb_asked_max`) VALUES
('7cbecf95-0df3-11e6-9aa9-448a5b42bfcd', '7cbd1a4b-0df3-11e6-9aa9-448a5b42bfcd', 1, 2),
('7cbecf95-0df3-11e6-9aa9-448a5b42bfcd', '7cbd3129-0df3-11e6-9aa9-448a5b42bfcd', 3, 5),
('7cbecf95-0df3-11e6-9aa9-448a5b42bfcd', '7cbd322e-0df3-11e6-9aa9-448a5b42bfcd', 3, 5),
('7cbecf95-0df3-11e6-9aa9-448a5b42bfcd', '7cbd3295-0df3-11e6-9aa9-448a5b42bfcd', 0, 3),
('7cbed09a-0df3-11e6-9aa9-448a5b42bfcd', '7cbd3129-0df3-11e6-9aa9-448a5b42bfcd', 6, 8),
('7cbed09a-0df3-11e6-9aa9-448a5b42bfcd', '7cbd322e-0df3-11e6-9aa9-448a5b42bfcd', 5, 8),
('7cbed09a-0df3-11e6-9aa9-448a5b42bfcd', '7cbd3295-0df3-11e6-9aa9-448a5b42bfcd', 4, 5),
('7cbed0e3-0df3-11e6-9aa9-448a5b42bfcd', '7cbd3129-0df3-11e6-9aa9-448a5b42bfcd', 4, 6),
('7cbed0e3-0df3-11e6-9aa9-448a5b42bfcd', '7cbd322e-0df3-11e6-9aa9-448a5b42bfcd', 6, 8),
('7cbed0e3-0df3-11e6-9aa9-448a5b42bfcd', '7cbd3295-0df3-11e6-9aa9-448a5b42bfcd', 12, 14),
('7cbed174-0df3-11e6-9aa9-448a5b42bfcd', '7cbd1a4b-0df3-11e6-9aa9-448a5b42bfcd', 5, 9),
('7cbed174-0df3-11e6-9aa9-448a5b42bfcd', '7cbd3129-0df3-11e6-9aa9-448a5b42bfcd', 2, 3),
('7cbed174-0df3-11e6-9aa9-448a5b42bfcd', '7cbd322e-0df3-11e6-9aa9-448a5b42bfcd', 0, 2),
('7cbed1bd-0df3-11e6-9aa9-448a5b42bfcd', '7cbd3129-0df3-11e6-9aa9-448a5b42bfcd', 1, 3),
('7cbed1bd-0df3-11e6-9aa9-448a5b42bfcd', '7cbd322e-0df3-11e6-9aa9-448a5b42bfcd', 2, 5),
('7cbed1bd-0df3-11e6-9aa9-448a5b42bfcd', '7cbd3295-0df3-11e6-9aa9-448a5b42bfcd', 0, 1),
('7cbed29b-0df3-11e6-9aa9-448a5b42bfcd', '7cbd3129-0df3-11e6-9aa9-448a5b42bfcd', 3, 6),
('7cbed29b-0df3-11e6-9aa9-448a5b42bfcd', '7cbd322e-0df3-11e6-9aa9-448a5b42bfcd', 2, 4),
('7cbed29b-0df3-11e6-9aa9-448a5b42bfcd', '7cbd3295-0df3-11e6-9aa9-448a5b42bfcd', 0, 1),
('7cbed2e4-0df3-11e6-9aa9-448a5b42bfcd', '7cbd1a4b-0df3-11e6-9aa9-448a5b42bfcd', 10, 12),
('7cbed2e4-0df3-11e6-9aa9-448a5b42bfcd', '7cbd3129-0df3-11e6-9aa9-448a5b42bfcd', 8, 10),
('7cbed2e4-0df3-11e6-9aa9-448a5b42bfcd', '7cbd322e-0df3-11e6-9aa9-448a5b42bfcd', 8, 10),
('7cbed2e4-0df3-11e6-9aa9-448a5b42bfcd', '7cbd3295-0df3-11e6-9aa9-448a5b42bfcd', 0, 2),
('7cbed38f-0df3-11e6-9aa9-448a5b42bfcd', '7cbd1a4b-0df3-11e6-9aa9-448a5b42bfcd', 3, 4),
('7cbed38f-0df3-11e6-9aa9-448a5b42bfcd', '7cbd3129-0df3-11e6-9aa9-448a5b42bfcd', 4, 6),
('7cbed38f-0df3-11e6-9aa9-448a5b42bfcd', '7cbd322e-0df3-11e6-9aa9-448a5b42bfcd', 4, 6),
('7cbed38f-0df3-11e6-9aa9-448a5b42bfcd', '7cbd3295-0df3-11e6-9aa9-448a5b42bfcd', 1, 2),
('7cbed3e0-0df3-11e6-9aa9-448a5b42bfcd', '7cbd3129-0df3-11e6-9aa9-448a5b42bfcd', 3, 5),
('7cbed3e0-0df3-11e6-9aa9-448a5b42bfcd', '7cbd322e-0df3-11e6-9aa9-448a5b42bfcd', 3, 6),
('7cbed3e0-0df3-11e6-9aa9-448a5b42bfcd', '7cbd3295-0df3-11e6-9aa9-448a5b42bfcd', 3, 5),
('7cbed429-0df3-11e6-9aa9-448a5b42bfcd', '7cbd3129-0df3-11e6-9aa9-448a5b42bfcd', 1, 3),
('7cbed429-0df3-11e6-9aa9-448a5b42bfcd', '7cbd322e-0df3-11e6-9aa9-448a5b42bfcd', 3, 5),
('7cbed472-0df3-11e6-9aa9-448a5b42bfcd', '7cbd3129-0df3-11e6-9aa9-448a5b42bfcd', 1, 2),
('7cbed472-0df3-11e6-9aa9-448a5b42bfcd', '7cbd322e-0df3-11e6-9aa9-448a5b42bfcd', 1, 2),
('7cbed472-0df3-11e6-9aa9-448a5b42bfcd', '7cbd3295-0df3-11e6-9aa9-448a5b42bfcd', 1, 2),
('7cbed65e-0df3-11e6-9aa9-448a5b42bfcd', '7cbd3129-0df3-11e6-9aa9-448a5b42bfcd', 2, 4),
('7cbed65e-0df3-11e6-9aa9-448a5b42bfcd', '7cbd322e-0df3-11e6-9aa9-448a5b42bfcd', 2, 3),
('7cbed6e6-0df3-11e6-9aa9-448a5b42bfcd', '7cbd3129-0df3-11e6-9aa9-448a5b42bfcd', 1, 4),
('7cbed6e6-0df3-11e6-9aa9-448a5b42bfcd', '7cbd322e-0df3-11e6-9aa9-448a5b42bfcd', 2, 4),
('7cbed6e6-0df3-11e6-9aa9-448a5b42bfcd', '7cbd3295-0df3-11e6-9aa9-448a5b42bfcd', 2, 2),
('7cbed72f-0df3-11e6-9aa9-448a5b42bfcd', '7cbd3129-0df3-11e6-9aa9-448a5b42bfcd', 0, 2),
('7cbed72f-0df3-11e6-9aa9-448a5b42bfcd', '7cbd322e-0df3-11e6-9aa9-448a5b42bfcd', 0, 2),
('7cbed778-0df3-11e6-9aa9-448a5b42bfcd', '7cbd1a4b-0df3-11e6-9aa9-448a5b42bfcd', 2, 5),
('7cbed778-0df3-11e6-9aa9-448a5b42bfcd', '7cbd3129-0df3-11e6-9aa9-448a5b42bfcd', 2, 5),
('7cbed778-0df3-11e6-9aa9-448a5b42bfcd', '7cbd322e-0df3-11e6-9aa9-448a5b42bfcd', 1, 3),
('7cbed778-0df3-11e6-9aa9-448a5b42bfcd', '7cbd3295-0df3-11e6-9aa9-448a5b42bfcd', 0, 2);

-- --------------------------------------------------------

--
-- Structure de la table `event`
--

DROP TABLE IF EXISTS `event`;
CREATE TABLE IF NOT EXISTS `event` (
  `club_id` char(36) NOT NULL,
  `id_event` char(36) NOT NULL,
  `event_name` char(80) DEFAULT NULL,
  `event_date` bigint(20) DEFAULT NULL,
  `changed_date` bigint(20) DEFAULT NULL,
  `nb_participant` smallint(6) DEFAULT NULL,
  `place` char(80) DEFAULT NULL,
  `cancelled` tinyint(1) DEFAULT NULL,
  `event_description` longtext,
  `feedback` longtext,
  PRIMARY KEY (`club_id`,`id_event`)
) ENGINE=InnoDB DEFAULT CHARSET=latin1;

-- --------------------------------------------------------

--
-- Structure de la table `log`
--

DROP TABLE IF EXISTS `log`;
CREATE TABLE IF NOT EXISTS `log` (
  `timestamp` bigint(20) NOT NULL,
  `type` char(20) NOT NULL,
  `content` longtext NOT NULL,
  PRIMARY KEY (`timestamp`)
) ENGINE=InnoDB DEFAULT CHARSET=latin1;

--
-- Contenu de la table `log`
--

INSERT INTO `log` (`timestamp`, `type`, `content`) VALUES
(1462656358080, 'info', 'rcolli17 vient de se connecter '),
(1462656358192, 'info', 'rcolli17 vient de se connecter '),
(1462656358472, 'info', 'rcolli17 vient de se connecter '),
(1462657454652, 'info', 'rcolli17 vient de se connecter '),
(1462657454710, 'info', 'rcolli17 vient de se connecter '),
(1462657489696, 'info', 'rcolli17 vient de se connecter '),
(1462657489778, 'info', 'rcolli17 vient de se connecter '),
(1462657964640, 'info', 'rcolli17 vient de se connecter '),
(1462657964684, 'info', 'rcolli17 vient de se connecter '),
(1462657996075, 'info', 'rcolli17 vient de se connecter '),
(1462657996148, 'info', 'rcolli17 vient de se connecter '),
(1462658006394, 'info', 'rcolli17 vient de se connecter '),
(1462658006436, 'info', 'rcolli17 vient de se connecter '),
(1462658027781, 'info', 'rcolli17 vient de se connecter '),
(1462658027817, 'info', 'rcolli17 vient de se connecter '),
(1462658070344, 'info', 'rcolli17 vient de se connecter '),
(1462658070390, 'info', 'rcolli17 vient de se connecter '),
(1462658101622, 'info', 'rcolli17 vient de se connecter '),
(1462658101662, 'info', 'rcolli17 vient de se connecter '),
(1462658126239, 'info', 'pverba17 vient de se connecter '),
(1462658126307, 'info', 'pverba17 vient de se connecter '),
(1462658132637, 'info', 'pverba17 vient de se connecter '),
(1462658132688, 'info', 'pverba17 vient de se connecter '),
(1462658140467, 'info', 'pverba17 vient de se connecter '),
(1462658140555, 'info', 'pverba17 vient de se connecter '),
(1462658174607, 'info', 'rcolli17 vient de se connecter '),
(1462658174641, 'info', 'rcolli17 vient de se connecter '),
(1462658174741, 'info', 'rcolli17 vient de se connecter '),
(1462658175056, 'info', 'rcolli17 vient de se connecter '),
(1462658179256, 'info', 'rcolli17 vient de se connecter '),
(1462658179309, 'info', 'rcolli17 vient de se connecter '),
(1462658179414, 'info', 'rcolli17 vient de se connecter '),
(1462658179724, 'info', 'rcolli17 vient de se connecter '),
(1462658192154, 'info', 'rcolli17 vient de se connecter '),
(1462658192210, 'info', 'rcolli17 vient de se connecter '),
(1462658192312, 'info', 'rcolli17 vient de se connecter '),
(1462658192627, 'info', 'rcolli17 vient de se connecter '),
(1462658257576, 'info', 'rcolli17 vient de se connecter '),
(1462658257633, 'info', 'rcolli17 vient de se connecter '),
(1462658392996, 'info', 'rcolli17 vient de se connecter '),
(1462658393049, 'info', 'rcolli17 vient de se connecter '),
(1462658393389, 'info', 'rcolli17 vient de se connecter '),
(1462658393435, 'info', 'rcolli17 vient de se connecter '),
(1462658393484, 'info', 'rcolli17 vient de se connecter '),
(1462658393527, 'info', 'rcolli17 vient de se connecter '),
(1462658393569, 'info', 'rcolli17 vient de se connecter '),
(1462658393623, 'info', 'rcolli17 vient de se connecter '),
(1462658393670, 'info', 'rcolli17 vient de se connecter '),
(1462658393733, 'info', 'rcolli17 vient de se connecter '),
(1462658393790, 'info', 'rcolli17 vient de se connecter '),
(1462658393843, 'info', 'rcolli17 vient de se connecter '),
(1462658393897, 'info', 'rcolli17 vient de se connecter '),
(1462658394344, 'info', 'rcolli17 vient de se connecter '),
(1462658394391, 'info', 'rcolli17 vient de se connecter '),
(1462658394435, 'info', 'rcolli17 vient de se connecter '),
(1462658394483, 'info', 'rcolli17 vient de se connecter '),
(1462658394534, 'info', 'rcolli17 vient de se connecter '),
(1462658394587, 'info', 'rcolli17 vient de se connecter '),
(1462658394628, 'info', 'rcolli17 vient de se connecter '),
(1462658394669, 'info', 'rcolli17 vient de se connecter '),
(1462658394711, 'info', 'rcolli17 vient de se connecter '),
(1462658394753, 'info', 'rcolli17 vient de se connecter '),
(1462658394793, 'info', 'rcolli17 vient de se connecter '),
(1462658394833, 'info', 'rcolli17 vient de se connecter '),
(1462658394872, 'info', 'rcolli17 vient de se connecter '),
(1462658394912, 'info', 'rcolli17 vient de se connecter '),
(1462658394953, 'info', 'rcolli17 vient de se connecter '),
(1462658395001, 'info', 'rcolli17 vient de se connecter '),
(1462658395071, 'info', 'rcolli17 vient de se connecter '),
(1462658395116, 'info', 'rcolli17 vient de se connecter '),
(1462658395171, 'info', 'rcolli17 vient de se connecter '),
(1462658395273, 'info', 'rcolli17 vient de se connecter '),
(1462658447318, 'info', 'rcolli17 vient de se connecter '),
(1462658447350, 'info', 'rcolli17 vient de se connecter '),
(1462659606457, 'info', 'rcolli17 vient de se connecter '),
(1462659606488, 'info', 'rcolli17 vient de se connecter '),
(1462659653309, 'info', 'rcolli17 vient de se connecter '),
(1462659653338, 'info', 'rcolli17 vient de se connecter '),
(1462659821148, 'info', 'rcolli17 vient de se connecter '),
(1462659821171, 'info', 'rcolli17 vient de se connecter '),
(1462660308448, 'info', 'rcolli17 vient de se connecter '),
(1462660308472, 'info', 'rcolli17 vient de se connecter '),
(1462660322325, 'info', 'rcolli17 vient de se connecter '),
(1462660322350, 'info', 'rcolli17 vient de se connecter '),
(1462660384301, 'info', 'rcolli17 vient de se connecter '),
(1462660384320, 'info', 'rcolli17 vient de se connecter '),
(1462703124972, 'info', 'rcolli17 vient de se connecter '),
(1462703125013, 'info', 'rcolli17 vient de se connecter '),
(1462703444345, 'info', 'rcolli17 vient de se connecter '),
(1462703444397, 'info', 'rcolli17 vient de se connecter '),
(1462703514311, 'info', 'rcolli17 vient de se connecter '),
(1462703514335, 'info', 'rcolli17 vient de se connecter '),
(1462703752844, 'info', 'rcolli17 vient de se connecter '),
(1462703752864, 'info', 'rcolli17 vient de se connecter '),
(1462703784757, 'info', 'rcolli17 vient de se connecter '),
(1462703784780, 'info', 'rcolli17 vient de se connecter '),
(1462703818002, 'info', 'rcolli17 vient de se connecter '),
(1462703818027, 'info', 'rcolli17 vient de se connecter '),
(1462703834970, 'info', 'rcolli17 vient de se connecter '),
(1462703834992, 'info', 'rcolli17 vient de se connecter '),
(1462703895453, 'info', 'rcolli17 vient de se connecter '),
(1462703895484, 'info', 'rcolli17 vient de se connecter '),
(1462703917334, 'info', 'rcolli17 vient de se connecter '),
(1462703917370, 'info', 'rcolli17 vient de se connecter '),
(1462704453636, 'info', 'rcolli17 vient de se connecter '),
(1462704453661, 'info', 'rcolli17 vient de se connecter '),
(1462704786977, 'info', 'rcolli17 vient de se connecter '),
(1462704787003, 'info', 'rcolli17 vient de se connecter '),
(1462704824781, 'info', 'rcolli17 vient de se connecter '),
(1462704824807, 'info', 'rcolli17 vient de se connecter '),
(1462704829657, 'info', 'rcolli17 vient de se connecter '),
(1462704829681, 'info', 'rcolli17 vient de se connecter '),
(1462704849651, 'info', 'rcolli17 vient de se connecter '),
(1462704849682, 'info', 'rcolli17 vient de se connecter '),
(1462705017351, 'info', 'rcolli17 vient de se connecter '),
(1462705017369, 'info', 'rcolli17 vient de se connecter '),
(1462705043896, 'info', 'rcolli17 vient de se connecter '),
(1462705043917, 'info', 'rcolli17 vient de se connecter '),
(1462705254708, 'info', 'rcolli17 vient de se connecter '),
(1462705254732, 'info', 'rcolli17 vient de se connecter '),
(1462705432829, 'info', 'pverba17 vient de se connecter '),
(1462705432884, 'info', 'pverba17 vient de se connecter '),
(1462705434084, 'info', 'pverba17 vient de se connecter '),
(1462705434120, 'info', 'pverba17 vient de se connecter '),
(1462705436049, 'info', 'pverba17 vient de se connecter '),
(1462705453551, 'info', 'rcolli17 vient de se connecter '),
(1462705453570, 'info', 'rcolli17 vient de se connecter '),
(1462705453616, 'info', 'rcolli17 vient de se connecter '),
(1462705987983, 'info', 'rcolli17 vient de se connecter '),
(1462705988008, 'info', 'rcolli17 vient de se connecter '),
(1462706003801, 'info', 'rcolli17 vient de se connecter '),
(1462706003823, 'info', 'rcolli17 vient de se connecter '),
(1462706057395, 'info', 'rcolli17 vient de se connecter '),
(1462706057427, 'info', 'rcolli17 vient de se connecter '),
(1462706120453, 'info', 'rcolli17 vient de se connecter '),
(1462706120479, 'info', 'rcolli17 vient de se connecter '),
(1462706145664, 'info', 'rcolli17 vient de se connecter '),
(1462706145697, 'info', 'rcolli17 vient de se connecter '),
(1462739727085, 'info', 'rcolli17 vient de se connecter '),
(1462739727115, 'info', 'rcolli17 vient de se connecter '),
(1462739863921, 'info', 'rcolli17 vient de se connecter '),
(1462739863952, 'info', 'rcolli17 vient de se connecter '),
(1462739907379, 'info', 'rcolli17 vient de se connecter '),
(1462739907397, 'info', 'rcolli17 vient de se connecter '),
(1462740002229, 'info', 'rcolli17 vient de se connecter '),
(1462740002263, 'info', 'rcolli17 vient de se connecter '),
(1462740036719, 'info', 'rcolli17 vient de se connecter '),
(1462740036751, 'info', 'rcolli17 vient de se connecter '),
(1462740200757, 'info', 'rcolli17 vient de se connecter '),
(1462740200795, 'info', 'rcolli17 vient de se connecter '),
(1462740312445, 'info', 'rcolli17 vient de se connecter '),
(1462740312472, 'info', 'rcolli17 vient de se connecter '),
(1462740330983, 'info', 'rcolli17 vient de se connecter '),
(1462740331046, 'info', 'rcolli17 vient de se connecter '),
(1462740348780, 'info', 'rcolli17 vient de se connecter '),
(1462740348830, 'info', 'rcolli17 vient de se connecter '),
(1462740389934, 'info', 'rcolli17 vient de se connecter '),
(1462740389962, 'info', 'rcolli17 vient de se connecter '),
(1462740556995, 'info', 'rcolli17 vient de se connecter '),
(1462740557017, 'info', 'rcolli17 vient de se connecter '),
(1462740910597, 'info', 'rcolli17 vient de se connecter '),
(1462740910622, 'info', 'rcolli17 vient de se connecter '),
(1462740963701, 'info', 'rcolli17 vient de se connecter '),
(1462740963728, 'info', 'rcolli17 vient de se connecter '),
(1462741105745, 'info', 'rcolli17 vient de se connecter '),
(1462741105781, 'info', 'rcolli17 vient de se connecter '),
(1462741186683, 'info', 'rcolli17 vient de se connecter '),
(1462741186703, 'info', 'rcolli17 vient de se connecter '),
(1462741212658, 'info', 'rcolli17 vient de se connecter '),
(1462741212686, 'info', 'rcolli17 vient de se connecter '),
(1462741239012, 'info', 'rcolli17 vient de se connecter '),
(1462741239039, 'info', 'rcolli17 vient de se connecter '),
(1462741257567, 'info', 'rcolli17 vient de se connecter '),
(1462741257600, 'info', 'rcolli17 vient de se connecter '),
(1462741274561, 'info', 'rcolli17 vient de se connecter '),
(1462741274584, 'info', 'rcolli17 vient de se connecter '),
(1462741341184, 'info', 'rcolli17 vient de se connecter '),
(1462741341217, 'info', 'rcolli17 vient de se connecter '),
(1462741350581, 'info', 'rcolli17 vient de se connecter '),
(1462741406090, 'info', 'rcolli17 vient de se connecter '),
(1462741406118, 'info', 'rcolli17 vient de se connecter '),
(1462741414449, 'info', 'rcolli17 vient de se connecter '),
(1462741520120, 'info', 'rcolli17 vient de se connecter '),
(1462741520157, 'info', 'rcolli17 vient de se connecter '),
(1462741527366, 'info', 'rcolli17 vient de se connecter '),
(1462741546917, 'info', 'rcolli17 vient de se connecter '),
(1462741546939, 'info', 'rcolli17 vient de se connecter '),
(1462741554162, 'info', 'rcolli17 vient de se connecter '),
(1462741620906, 'info', 'rcolli17 vient de se connecter '),
(1462741680202, 'info', 'rcolli17 vient de se connecter '),
(1462741709315, 'info', 'rcolli17 vient de se connecter '),
(1462741709352, 'info', 'rcolli17 vient de se connecter '),
(1462741733047, 'info', 'rcolli17 vient de se connecter '),
(1462741754764, 'info', 'rcolli17 vient de se connecter '),
(1462741754797, 'info', 'rcolli17 vient de se connecter '),
(1462741789301, 'info', 'rcolli17 vient de se connecter '),
(1462742741897, 'info', 'rcolli17 vient de se connecter '),
(1462742741920, 'info', 'rcolli17 vient de se connecter '),
(1462742758167, 'info', 'rcolli17 vient de se connecter '),
(1462742758194, 'info', 'rcolli17 vient de se connecter '),
(1462742775298, 'info', 'rcolli17 vient de se connecter '),
(1462742775323, 'info', 'rcolli17 vient de se connecter '),
(1462742869040, 'info', 'rcolli17 vient de se connecter '),
(1462742869072, 'info', 'rcolli17 vient de se connecter '),
(1462742926440, 'info', 'rcolli17 vient de se connecter '),
(1462742926472, 'info', 'rcolli17 vient de se connecter '),
(1462742991041, 'info', 'rcolli17 vient de se connecter '),
(1462742991066, 'info', 'rcolli17 vient de se connecter '),
(1462742996462, 'info', 'rcolli17 vient de se connecter '),
(1462742996478, 'info', 'rcolli17 vient de se connecter '),
(1462742996586, 'info', 'rcolli17 vient de se connecter '),
(1462742996610, 'info', 'rcolli17 vient de se connecter '),
(1462742996630, 'info', 'rcolli17 vient de se connecter '),
(1462742996649, 'info', 'rcolli17 vient de se connecter '),
(1462742996675, 'info', 'rcolli17 vient de se connecter '),
(1462742996702, 'info', 'rcolli17 vient de se connecter '),
(1462742996724, 'info', 'rcolli17 vient de se connecter '),
(1462742996743, 'info', 'rcolli17 vient de se connecter '),
(1462742996769, 'info', 'rcolli17 vient de se connecter '),
(1462742996793, 'info', 'rcolli17 vient de se connecter '),
(1462742996815, 'info', 'rcolli17 vient de se connecter '),
(1462742996836, 'info', 'rcolli17 vient de se connecter '),
(1462742996853, 'info', 'rcolli17 vient de se connecter '),
(1462742996872, 'info', 'rcolli17 vient de se connecter '),
(1462742996889, 'info', 'rcolli17 vient de se connecter '),
(1462742996908, 'info', 'rcolli17 vient de se connecter '),
(1462742996927, 'info', 'rcolli17 vient de se connecter '),
(1462742996945, 'info', 'rcolli17 vient de se connecter '),
(1462742996961, 'info', 'rcolli17 vient de se connecter '),
(1462742996975, 'info', 'rcolli17 vient de se connecter '),
(1462742996993, 'info', 'rcolli17 vient de se connecter '),
(1462742997008, 'info', 'rcolli17 vient de se connecter '),
(1462742997022, 'info', 'rcolli17 vient de se connecter '),
(1462742997037, 'info', 'rcolli17 vient de se connecter '),
(1462742997051, 'info', 'rcolli17 vient de se connecter '),
(1462742997065, 'info', 'rcolli17 vient de se connecter '),
(1462742997082, 'info', 'rcolli17 vient de se connecter '),
(1462742997100, 'info', 'rcolli17 vient de se connecter '),
(1462742997124, 'info', 'rcolli17 vient de se connecter '),
(1462742997144, 'info', 'rcolli17 vient de se connecter '),
(1462742997164, 'info', 'rcolli17 vient de se connecter '),
(1462743021431, 'info', 'rcolli17 vient de se connecter '),
(1462743021450, 'info', 'rcolli17 vient de se connecter '),
(1462743021486, 'info', 'rcolli17 vient de se connecter '),
(1462743021500, 'info', 'rcolli17 vient de se connecter '),
(1462743021739, 'info', 'rcolli17 vient de se connecter '),
(1462743021759, 'info', 'rcolli17 vient de se connecter '),
(1462743021775, 'info', 'rcolli17 vient de se connecter '),
(1462743021790, 'info', 'rcolli17 vient de se connecter '),
(1462743021805, 'info', 'rcolli17 vient de se connecter '),
(1462743021822, 'info', 'rcolli17 vient de se connecter '),
(1462743021841, 'info', 'rcolli17 vient de se connecter '),
(1462743021861, 'info', 'rcolli17 vient de se connecter '),
(1462743021875, 'info', 'rcolli17 vient de se connecter '),
(1462743021892, 'info', 'rcolli17 vient de se connecter '),
(1462743021915, 'info', 'rcolli17 vient de se connecter '),
(1462743021944, 'info', 'rcolli17 vient de se connecter '),
(1462743021961, 'info', 'rcolli17 vient de se connecter '),
(1462743022070, 'info', 'rcolli17 vient de se connecter '),
(1462743022085, 'info', 'rcolli17 vient de se connecter '),
(1462743022099, 'info', 'rcolli17 vient de se connecter '),
(1462743022112, 'info', 'rcolli17 vient de se connecter '),
(1462743022133, 'info', 'rcolli17 vient de se connecter '),
(1462743022150, 'info', 'rcolli17 vient de se connecter '),
(1462743022165, 'info', 'rcolli17 vient de se connecter '),
(1462743022184, 'info', 'rcolli17 vient de se connecter '),
(1462743022200, 'info', 'rcolli17 vient de se connecter '),
(1462743022214, 'info', 'rcolli17 vient de se connecter '),
(1462743022228, 'info', 'rcolli17 vient de se connecter '),
(1462743022243, 'info', 'rcolli17 vient de se connecter '),
(1462743022257, 'info', 'rcolli17 vient de se connecter '),
(1462743022275, 'info', 'rcolli17 vient de se connecter '),
(1462743022303, 'info', 'rcolli17 vient de se connecter '),
(1462743022326, 'info', 'rcolli17 vient de se connecter '),
(1462743022368, 'info', 'rcolli17 vient de se connecter '),
(1462743022395, 'info', 'rcolli17 vient de se connecter '),
(1462743027745, 'info', 'rcolli17 vient de se connecter '),
(1462743027768, 'info', 'rcolli17 vient de se connecter '),
(1462743027820, 'info', 'rcolli17 vient de se connecter '),
(1462743027875, 'info', 'rcolli17 vient de se connecter '),
(1462743027923, 'info', 'rcolli17 vient de se connecter '),
(1462743027987, 'info', 'rcolli17 vient de se connecter '),
(1462743028027, 'info', 'rcolli17 vient de se connecter '),
(1462743028045, 'info', 'rcolli17 vient de se connecter '),
(1462743028061, 'info', 'rcolli17 vient de se connecter '),
(1462743028081, 'info', 'rcolli17 vient de se connecter '),
(1462743028099, 'info', 'rcolli17 vient de se connecter '),
(1462743028118, 'info', 'rcolli17 vient de se connecter '),
(1462743028137, 'info', 'rcolli17 vient de se connecter '),
(1462743028156, 'info', 'rcolli17 vient de se connecter '),
(1462743028172, 'info', 'rcolli17 vient de se connecter '),
(1462743028189, 'info', 'rcolli17 vient de se connecter '),
(1462743028205, 'info', 'rcolli17 vient de se connecter '),
(1462743028221, 'info', 'rcolli17 vient de se connecter '),
(1462743028246, 'info', 'rcolli17 vient de se connecter '),
(1462743028262, 'info', 'rcolli17 vient de se connecter '),
(1462743028278, 'info', 'rcolli17 vient de se connecter '),
(1462743028293, 'info', 'rcolli17 vient de se connecter '),
(1462743028308, 'info', 'rcolli17 vient de se connecter '),
(1462743028323, 'info', 'rcolli17 vient de se connecter '),
(1462743028342, 'info', 'rcolli17 vient de se connecter '),
(1462743028357, 'info', 'rcolli17 vient de se connecter '),
(1462743028372, 'info', 'rcolli17 vient de se connecter '),
(1462743028391, 'info', 'rcolli17 vient de se connecter '),
(1462743028406, 'info', 'rcolli17 vient de se connecter '),
(1462743028432, 'info', 'rcolli17 vient de se connecter '),
(1462743028458, 'info', 'rcolli17 vient de se connecter '),
(1462743028473, 'info', 'rcolli17 vient de se connecter '),
(1462743028487, 'info', 'rcolli17 vient de se connecter '),
(1462743108481, 'info', 'rcolli17 vient de se connecter '),
(1462743108499, 'info', 'rcolli17 vient de se connecter '),
(1462743171612, 'info', 'rcolli17 vient de se connecter '),
(1462743171638, 'info', 'rcolli17 vient de se connecter '),
(1462743217316, 'info', 'rcolli17 vient de se connecter '),
(1462743217345, 'info', 'rcolli17 vient de se connecter '),
(1462743245916, 'info', 'rcolli17 vient de se connecter '),
(1462743245938, 'info', 'rcolli17 vient de se connecter '),
(1462743277850, 'info', 'rcolli17 vient de se connecter '),
(1462743277875, 'info', 'rcolli17 vient de se connecter '),
(1462743305902, 'info', 'rcolli17 vient de se connecter '),
(1462743305925, 'info', 'rcolli17 vient de se connecter '),
(1462743355043, 'info', 'rcolli17 vient de se connecter '),
(1462743355069, 'info', 'rcolli17 vient de se connecter '),
(1462743375702, 'info', 'rcolli17 vient de se connecter '),
(1462743375732, 'info', 'rcolli17 vient de se connecter '),
(1462743393863, 'info', 'rcolli17 vient de se connecter '),
(1462743393881, 'info', 'rcolli17 vient de se connecter '),
(1462743675622, 'info', 'rcolli17 vient de se connecter '),
(1462743675645, 'info', 'rcolli17 vient de se connecter '),
(1462743675743, 'info', 'rcolli17 vient de se connecter '),
(1462743675768, 'info', 'rcolli17 vient de se connecter '),
(1462743675787, 'info', 'rcolli17 vient de se connecter '),
(1462743675804, 'info', 'rcolli17 vient de se connecter '),
(1462743675821, 'info', 'rcolli17 vient de se connecter '),
(1462743675844, 'info', 'rcolli17 vient de se connecter '),
(1462743675865, 'info', 'rcolli17 vient de se connecter '),
(1462743675885, 'info', 'rcolli17 vient de se connecter '),
(1462743675903, 'info', 'rcolli17 vient de se connecter '),
(1462743675933, 'info', 'rcolli17 vient de se connecter '),
(1462743675958, 'info', 'rcolli17 vient de se connecter '),
(1462743675981, 'info', 'rcolli17 vient de se connecter '),
(1462743676008, 'info', 'rcolli17 vient de se connecter '),
(1462743676037, 'info', 'rcolli17 vient de se connecter '),
(1462743676062, 'info', 'rcolli17 vient de se connecter '),
(1462743676084, 'info', 'rcolli17 vient de se connecter '),
(1462743676111, 'info', 'rcolli17 vient de se connecter '),
(1462743676133, 'info', 'rcolli17 vient de se connecter '),
(1462743676155, 'info', 'rcolli17 vient de se connecter '),
(1462743676172, 'info', 'rcolli17 vient de se connecter '),
(1462743676198, 'info', 'rcolli17 vient de se connecter '),
(1462743676226, 'info', 'rcolli17 vient de se connecter '),
(1462743676250, 'info', 'rcolli17 vient de se connecter '),
(1462743676276, 'info', 'rcolli17 vient de se connecter '),
(1462743676296, 'info', 'rcolli17 vient de se connecter '),
(1462743676320, 'info', 'rcolli17 vient de se connecter '),
(1462743676353, 'info', 'rcolli17 vient de se connecter '),
(1462743676375, 'info', 'rcolli17 vient de se connecter '),
(1462743676399, 'info', 'rcolli17 vient de se connecter '),
(1462743676429, 'info', 'rcolli17 vient de se connecter '),
(1462743676465, 'info', 'rcolli17 vient de se connecter '),
(1462743705070, 'info', 'rcolli17 vient de se connecter '),
(1462743705095, 'info', 'rcolli17 vient de se connecter '),
(1462743705125, 'info', 'rcolli17 vient de se connecter '),
(1462743705139, 'info', 'rcolli17 vient de se connecter '),
(1462743705360, 'info', 'rcolli17 vient de se connecter '),
(1462743705377, 'info', 'rcolli17 vient de se connecter '),
(1462743705393, 'info', 'rcolli17 vient de se connecter '),
(1462743705411, 'info', 'rcolli17 vient de se connecter '),
(1462743705425, 'info', 'rcolli17 vient de se connecter '),
(1462743705442, 'info', 'rcolli17 vient de se connecter '),
(1462743705461, 'info', 'rcolli17 vient de se connecter '),
(1462743705475, 'info', 'rcolli17 vient de se connecter '),
(1462743705492, 'info', 'rcolli17 vient de se connecter '),
(1462743705512, 'info', 'rcolli17 vient de se connecter '),
(1462743705530, 'info', 'rcolli17 vient de se connecter '),
(1462743705545, 'info', 'rcolli17 vient de se connecter '),
(1462743705561, 'info', 'rcolli17 vient de se connecter '),
(1462743705581, 'info', 'rcolli17 vient de se connecter '),
(1462743705602, 'info', 'rcolli17 vient de se connecter '),
(1462743705619, 'info', 'rcolli17 vient de se connecter '),
(1462743705635, 'info', 'rcolli17 vient de se connecter '),
(1462743705671, 'info', 'rcolli17 vient de se connecter '),
(1462743705692, 'info', 'rcolli17 vient de se connecter '),
(1462743705707, 'info', 'rcolli17 vient de se connecter '),
(1462743705721, 'info', 'rcolli17 vient de se connecter '),
(1462743705735, 'info', 'rcolli17 vient de se connecter '),
(1462743705749, 'info', 'rcolli17 vient de se connecter '),
(1462743705763, 'info', 'rcolli17 vient de se connecter '),
(1462743705777, 'info', 'rcolli17 vient de se connecter '),
(1462743705792, 'info', 'rcolli17 vient de se connecter '),
(1462743705810, 'info', 'rcolli17 vient de se connecter '),
(1462743705831, 'info', 'rcolli17 vient de se connecter '),
(1462743705854, 'info', 'rcolli17 vient de se connecter '),
(1462743705879, 'info', 'rcolli17 vient de se connecter '),
(1462743705905, 'info', 'rcolli17 vient de se connecter '),
(1462743731654, 'info', 'rcolli17 vient de se connecter '),
(1462743731673, 'info', 'rcolli17 vient de se connecter '),
(1462743731708, 'info', 'rcolli17 vient de se connecter '),
(1462743731721, 'info', 'rcolli17 vient de se connecter '),
(1462743731947, 'info', 'rcolli17 vient de se connecter '),
(1462743731968, 'info', 'rcolli17 vient de se connecter '),
(1462743731985, 'info', 'rcolli17 vient de se connecter '),
(1462743732000, 'info', 'rcolli17 vient de se connecter '),
(1462743732020, 'info', 'rcolli17 vient de se connecter '),
(1462743732035, 'info', 'rcolli17 vient de se connecter '),
(1462743732055, 'info', 'rcolli17 vient de se connecter '),
(1462743732073, 'info', 'rcolli17 vient de se connecter '),
(1462743732088, 'info', 'rcolli17 vient de se connecter '),
(1462743732102, 'info', 'rcolli17 vient de se connecter '),
(1462743732121, 'info', 'rcolli17 vient de se connecter '),
(1462743732139, 'info', 'rcolli17 vient de se connecter '),
(1462743732155, 'info', 'rcolli17 vient de se connecter '),
(1462743732169, 'info', 'rcolli17 vient de se connecter '),
(1462743732184, 'info', 'rcolli17 vient de se connecter '),
(1462743732198, 'info', 'rcolli17 vient de se connecter '),
(1462743732212, 'info', 'rcolli17 vient de se connecter '),
(1462743732226, 'info', 'rcolli17 vient de se connecter '),
(1462743732240, 'info', 'rcolli17 vient de se connecter '),
(1462743732253, 'info', 'rcolli17 vient de se connecter '),
(1462743732268, 'info', 'rcolli17 vient de se connecter '),
(1462743732283, 'info', 'rcolli17 vient de se connecter '),
(1462743732298, 'info', 'rcolli17 vient de se connecter '),
(1462743732312, 'info', 'rcolli17 vient de se connecter '),
(1462743732325, 'info', 'rcolli17 vient de se connecter '),
(1462743732340, 'info', 'rcolli17 vient de se connecter '),
(1462743732357, 'info', 'rcolli17 vient de se connecter '),
(1462743732380, 'info', 'rcolli17 vient de se connecter '),
(1462743732403, 'info', 'rcolli17 vient de se connecter '),
(1462743732427, 'info', 'rcolli17 vient de se connecter '),
(1462743732453, 'info', 'rcolli17 vient de se connecter '),
(1462743765092, 'info', 'rcolli17 vient de se connecter '),
(1462743765121, 'info', 'rcolli17 vient de se connecter '),
(1462743765147, 'info', 'rcolli17 vient de se connecter '),
(1462743765160, 'info', 'rcolli17 vient de se connecter '),
(1462743765359, 'info', 'rcolli17 vient de se connecter '),
(1462743765382, 'info', 'rcolli17 vient de se connecter '),
(1462743765402, 'info', 'rcolli17 vient de se connecter '),
(1462743765419, 'info', 'rcolli17 vient de se connecter '),
(1462743765433, 'info', 'rcolli17 vient de se connecter '),
(1462743765454, 'info', 'rcolli17 vient de se connecter '),
(1462743765470, 'info', 'rcolli17 vient de se connecter '),
(1462743765485, 'info', 'rcolli17 vient de se connecter '),
(1462743765499, 'info', 'rcolli17 vient de se connecter '),
(1462743765519, 'info', 'rcolli17 vient de se connecter '),
(1462743765537, 'info', 'rcolli17 vient de se connecter '),
(1462743765555, 'info', 'rcolli17 vient de se connecter '),
(1462743765570, 'info', 'rcolli17 vient de se connecter '),
(1462743765587, 'info', 'rcolli17 vient de se connecter '),
(1462743765602, 'info', 'rcolli17 vient de se connecter '),
(1462743765616, 'info', 'rcolli17 vient de se connecter '),
(1462743765631, 'info', 'rcolli17 vient de se connecter '),
(1462743765648, 'info', 'rcolli17 vient de se connecter '),
(1462743765663, 'info', 'rcolli17 vient de se connecter '),
(1462743765679, 'info', 'rcolli17 vient de se connecter '),
(1462743765694, 'info', 'rcolli17 vient de se connecter '),
(1462743765708, 'info', 'rcolli17 vient de se connecter '),
(1462743765723, 'info', 'rcolli17 vient de se connecter '),
(1462743765737, 'info', 'rcolli17 vient de se connecter '),
(1462743765752, 'info', 'rcolli17 vient de se connecter '),
(1462743765766, 'info', 'rcolli17 vient de se connecter '),
(1462743765782, 'info', 'rcolli17 vient de se connecter '),
(1462743765809, 'info', 'rcolli17 vient de se connecter '),
(1462743765835, 'info', 'rcolli17 vient de se connecter '),
(1462743765865, 'info', 'rcolli17 vient de se connecter '),
(1462743765891, 'info', 'rcolli17 vient de se connecter '),
(1462743910570, 'info', 'rcolli17 vient de se connecter '),
(1462743911331, 'info', 'rcolli17 vient de se connecter '),
(1462744193753, 'info', 'rcolli17 vient de se connecter '),
(1462744193777, 'info', 'rcolli17 vient de se connecter '),
(1462744224705, 'info', 'rcolli17 vient de se connecter '),
(1462744224729, 'info', 'rcolli17 vient de se connecter '),
(1462744224792, 'info', 'rcolli17 vient de se connecter '),
(1462744309244, 'info', 'rcolli17 vient de se connecter '),
(1462744309276, 'info', 'rcolli17 vient de se connecter '),
(1462744309345, 'info', 'rcolli17 vient de se connecter '),
(1462744336476, 'info', 'rcolli17 vient de se connecter '),
(1462744336500, 'info', 'rcolli17 vient de se connecter '),
(1462744336560, 'info', 'rcolli17 vient de se connecter '),
(1462744411914, 'info', 'mgoanv17 vient de se connecter '),
(1462744411939, 'info', 'mgoanv17 vient de se connecter '),
(1462744412003, 'info', 'mgoanv17 vient de se connecter '),
(1462744423933, 'info', 'mgoanv17 vient de se connecter '),
(1462744438423, 'info', 'mgoanv17 vient de se connecter '),
(1462744438461, 'info', 'mgoanv17 vient de se connecter '),
(1462744514753, 'info', 'mgoanv17 vient de se connecter '),
(1462744514778, 'info', 'mgoanv17 vient de se connecter '),
(1462744514837, 'info', 'mgoanv17 vient de se connecter '),
(1462744515023, 'info', 'mgoanv17 vient de se connecter '),
(1462745057799, 'info', 'rcolli17 vient de se connecter '),
(1462745057835, 'info', 'rcolli17 vient de se connecter '),
(1462745057898, 'info', 'rcolli17 vient de se connecter '),
(1462745058074, 'info', 'rcolli17 vient de se connecter '),
(1462745067522, 'info', 'rcolli17 vient de se connecter '),
(1462745216930, 'info', 'rcolli17 vient de se connecter '),
(1462745257497, 'info', 'tcouss17 vient de se connecter '),
(1462745257530, 'info', 'tcouss17 vient de se connecter '),
(1462745257594, 'info', 'tcouss17 vient de se connecter '),
(1462745259734, 'info', 'tcouss17 vient de se connecter '),
(1462745259775, 'info', 'tcouss17 vient de se connecter '),
(1462745268284, 'info', 'tcouss17 vient de se connecter '),
(1462745270798, 'info', 'tcouss17 vient de se connecter '),
(1462745271770, 'info', 'tcouss17 vient de se connecter '),
(1462745287292, 'info', 'mgoanv17 vient de se connecter '),
(1462745287319, 'info', 'mgoanv17 vient de se connecter '),
(1462745287390, 'info', 'mgoanv17 vient de se connecter '),
(1462745287578, 'info', 'mgoanv17 vient de se connecter '),
(1462745313318, 'info', 'mgoanv17 vient de se connecter '),
(1462745313346, 'info', 'mgoanv17 vient de se connecter '),
(1462745313414, 'info', 'mgoanv17 vient de se connecter '),
(1462745313633, 'info', 'mgoanv17 vient de se connecter '),
(1462745323463, 'info', 'rcolli17 vient de se connecter '),
(1462745323493, 'info', 'rcolli17 vient de se connecter '),
(1462745323547, 'info', 'rcolli17 vient de se connecter '),
(1462745323739, 'info', 'rcolli17 vient de se connecter '),
(1462745325864, 'info', 'rcolli17 vient de se connecter '),
(1462745597788, 'info', 'rcolli17 vient de se connecter '),
(1462745597814, 'info', 'rcolli17 vient de se connecter '),
(1462745597880, 'info', 'rcolli17 vient de se connecter '),
(1462745611625, 'info', 'rcolli17 vient de se connecter '),
(1462745611649, 'info', 'rcolli17 vient de se connecter '),
(1462745611718, 'info', 'rcolli17 vient de se connecter '),
(1462745635560, 'info', 'rcolli17 vient de se connecter '),
(1462745635586, 'info', 'rcolli17 vient de se connecter '),
(1462745635657, 'info', 'rcolli17 vient de se connecter '),
(1462745689892, 'info', 'rcolli17 vient de se connecter '),
(1462745689920, 'info', 'rcolli17 vient de se connecter '),
(1462745689989, 'info', 'rcolli17 vient de se connecter '),
(1462745720538, 'info', 'rcolli17 vient de se connecter '),
(1462745720563, 'info', 'rcolli17 vient de se connecter '),
(1462745720627, 'info', 'rcolli17 vient de se connecter '),
(1462745758256, 'info', 'rcolli17 vient de se connecter '),
(1462745758283, 'info', 'rcolli17 vient de se connecter '),
(1462745758351, 'info', 'rcolli17 vient de se connecter '),
(1462745797932, 'info', 'rcolli17 vient de se connecter '),
(1462745797963, 'info', 'rcolli17 vient de se connecter '),
(1462745798044, 'info', 'rcolli17 vient de se connecter '),
(1462745822662, 'info', 'rcolli17 vient de se connecter '),
(1462745822677, 'info', 'rcolli17 vient de se connecter '),
(1462745822740, 'info', 'rcolli17 vient de se connecter '),
(1462745906153, 'info', 'rcolli17 vient de se connecter '),
(1462745906178, 'info', 'rcolli17 vient de se connecter '),
(1462745906244, 'info', 'rcolli17 vient de se connecter '),
(1462745994289, 'info', 'rcolli17 vient de se connecter '),
(1462745994313, 'info', 'rcolli17 vient de se connecter '),
(1462745994374, 'info', 'rcolli17 vient de se connecter '),
(1462746002882, 'info', 'rcolli17 vient de se connecter '),
(1462746002903, 'info', 'rcolli17 vient de se connecter '),
(1462746002977, 'info', 'rcolli17 vient de se connecter '),
(1462746615750, 'info', 'rcolli17 vient de se connecter '),
(1462746615769, 'info', 'rcolli17 vient de se connecter '),
(1462746615840, 'info', 'rcolli17 vient de se connecter '),
(1462746656122, 'info', 'rcolli17 vient de se connecter '),
(1462746656148, 'info', 'rcolli17 vient de se connecter '),
(1462746656212, 'info', 'rcolli17 vient de se connecter '),
(1462746677888, 'info', 'rcolli17 vient de se connecter '),
(1462746677914, 'info', 'rcolli17 vient de se connecter '),
(1462746677979, 'info', 'rcolli17 vient de se connecter '),
(1462746704433, 'info', 'rcolli17 vient de se connecter '),
(1462746704457, 'info', 'rcolli17 vient de se connecter '),
(1462746704538, 'info', 'rcolli17 vient de se connecter '),
(1462746726694, 'info', 'rcolli17 vient de se connecter '),
(1462746726717, 'info', 'rcolli17 vient de se connecter '),
(1462746726777, 'info', 'rcolli17 vient de se connecter '),
(1462746743389, 'info', 'tcouss17 vient de se connecter '),
(1462746743413, 'info', 'tcouss17 vient de se connecter '),
(1462746743471, 'info', 'tcouss17 vient de se connecter '),
(1462746744313, 'info', 'tcouss17 vient de se connecter '),
(1462746744347, 'info', 'tcouss17 vient de se connecter '),
(1462746778333, 'info', 'rcolli17 vient de se connecter '),
(1462746778357, 'info', 'rcolli17 vient de se connecter '),
(1462746778403, 'info', 'rcolli17 vient de se connecter '),
(1462746778522, 'info', 'rcolli17 vient de se connecter '),
(1462746783169, 'info', 'rcolli17 vient de se connecter '),
(1462746787677, 'info', 'rcolli17 vient de se connecter '),
(1462746805905, 'info', 'rcolli17 vient de se connecter '),
(1462746805939, 'info', 'rcolli17 vient de se connecter '),
(1462746806009, 'info', 'rcolli17 vient de se connecter '),
(1462746819555, 'info', 'rcolli17 vient de se connecter '),
(1462746819580, 'info', 'rcolli17 vient de se connecter '),
(1462746819640, 'info', 'rcolli17 vient de se connecter '),
(1462746839420, 'info', 'rcolli17 vient de se connecter '),
(1462746839457, 'info', 'rcolli17 vient de se connecter '),
(1462746839511, 'info', 'rcolli17 vient de se connecter '),
(1462746876697, 'info', 'rcolli17 vient de se connecter '),
(1462746876724, 'info', 'rcolli17 vient de se connecter '),
(1462746876788, 'info', 'rcolli17 vient de se connecter '),
(1462746943417, 'info', 'rcolli17 vient de se connecter '),
(1462746943437, 'info', 'rcolli17 vient de se connecter '),
(1462746943522, 'info', 'rcolli17 vient de se connecter '),
(1462747109390, 'info', 'rcolli17 vient de se connecter '),
(1462747109417, 'info', 'rcolli17 vient de se connecter '),
(1462747109494, 'info', 'rcolli17 vient de se connecter '),
(1462747148619, 'info', 'rcolli17 vient de se connecter '),
(1462747148658, 'info', 'rcolli17 vient de se connecter '),
(1462747148761, 'info', 'rcolli17 vient de se connecter '),
(1462747162528, 'info', 'rcolli17 vient de se connecter '),
(1462747162558, 'info', 'rcolli17 vient de se connecter '),
(1462747162641, 'info', 'rcolli17 vient de se connecter '),
(1462747187108, 'info', 'rcolli17 vient de se connecter '),
(1462747187134, 'info', 'rcolli17 vient de se connecter '),
(1462747187209, 'info', 'rcolli17 vient de se connecter '),
(1462748076972, 'info', 'rcolli17 vient de se connecter '),
(1462748076992, 'info', 'rcolli17 vient de se connecter '),
(1462748077077, 'info', 'rcolli17 vient de se connecter '),
(1462748100825, 'info', 'rcolli17 vient de se connecter '),
(1462748100850, 'info', 'rcolli17 vient de se connecter '),
(1462748100931, 'info', 'rcolli17 vient de se connecter '),
(1462748133078, 'info', 'rcolli17 vient de se connecter '),
(1462748133106, 'info', 'rcolli17 vient de se connecter '),
(1462748133173, 'info', 'rcolli17 vient de se connecter '),
(1462748200642, 'info', 'rcolli17 vient de se connecter '),
(1462748200665, 'info', 'rcolli17 vient de se connecter '),
(1462748200745, 'info', 'rcolli17 vient de se connecter '),
(1462748240995, 'info', 'rcolli17 vient de se connecter '),
(1462748241025, 'info', 'rcolli17 vient de se connecter '),
(1462748241121, 'info', 'rcolli17 vient de se connecter '),
(1462748249707, 'info', 'rcolli17 vient de se connecter '),
(1462748249725, 'info', 'rcolli17 vient de se connecter '),
(1462748249790, 'info', 'rcolli17 vient de se connecter '),
(1462748276890, 'info', 'rcolli17 vient de se connecter '),
(1462748276920, 'info', 'rcolli17 vient de se connecter '),
(1462748277003, 'info', 'rcolli17 vient de se connecter '),
(1462748292971, 'info', 'rcolli17 vient de se connecter '),
(1462748292996, 'info', 'rcolli17 vient de se connecter '),
(1462748293077, 'info', 'rcolli17 vient de se connecter '),
(1462748384268, 'info', 'rcolli17 vient de se connecter '),
(1462748384289, 'info', 'rcolli17 vient de se connecter '),
(1462748384375, 'info', 'rcolli17 vient de se connecter '),
(1462748384395, 'info', 'rcolli17 vient de se connecter '),
(1462748384411, 'info', 'rcolli17 vient de se connecter '),
(1462748384430, 'info', 'rcolli17 vient de se connecter '),
(1462748384445, 'info', 'rcolli17 vient de se connecter '),
(1462748384457, 'info', 'rcolli17 vient de se connecter '),
(1462748384482, 'info', 'rcolli17 vient de se connecter '),
(1462748384502, 'info', 'rcolli17 vient de se connecter '),
(1462748384518, 'info', 'rcolli17 vient de se connecter '),
(1462748384536, 'info', 'rcolli17 vient de se connecter '),
(1462748384552, 'info', 'rcolli17 vient de se connecter '),
(1462748384565, 'info', 'rcolli17 vient de se connecter '),
(1462748384579, 'info', 'rcolli17 vient de se connecter '),
(1462748384592, 'info', 'rcolli17 vient de se connecter '),
(1462748384606, 'info', 'rcolli17 vient de se connecter '),
(1462748384622, 'info', 'rcolli17 vient de se connecter '),
(1462748384637, 'info', 'rcolli17 vient de se connecter '),
(1462748384651, 'info', 'rcolli17 vient de se connecter '),
(1462748384664, 'info', 'rcolli17 vient de se connecter '),
(1462748384678, 'info', 'rcolli17 vient de se connecter '),
(1462748384692, 'info', 'rcolli17 vient de se connecter '),
(1462748384705, 'info', 'rcolli17 vient de se connecter '),
(1462748384723, 'info', 'rcolli17 vient de se connecter '),
(1462748384737, 'info', 'rcolli17 vient de se connecter '),
(1462748384754, 'info', 'rcolli17 vient de se connecter '),
(1462748384772, 'info', 'rcolli17 vient de se connecter '),
(1462748384791, 'info', 'rcolli17 vient de se connecter '),
(1462748384814, 'info', 'rcolli17 vient de se connecter '),
(1462748384837, 'info', 'rcolli17 vient de se connecter '),
(1462748384859, 'info', 'rcolli17 vient de se connecter '),
(1462748384886, 'info', 'rcolli17 vient de se connecter '),
(1462748473555, 'info', 'rcolli17 vient de se connecter '),
(1462748542659, 'info', 'rcolli17 vient de se connecter '),
(1462748542686, 'info', 'rcolli17 vient de se connecter '),
(1462748542763, 'info', 'rcolli17 vient de se connecter '),
(1462748558497, 'info', 'rcolli17 vient de se connecter '),
(1462748558516, 'info', 'rcolli17 vient de se connecter '),
(1462748558582, 'info', 'rcolli17 vient de se connecter '),
(1462748601777, 'info', 'rcolli17 vient de se connecter '),
(1462748601799, 'info', 'rcolli17 vient de se connecter '),
(1462748601876, 'info', 'rcolli17 vient de se connecter '),
(1462748705324, 'info', 'rcolli17 vient de se connecter '),
(1462748705341, 'info', 'rcolli17 vient de se connecter '),
(1462748705423, 'info', 'rcolli17 vient de se connecter '),
(1462748747987, 'info', 'rcolli17 vient de se connecter '),
(1462748748003, 'info', 'rcolli17 vient de se connecter '),
(1462748748099, 'info', 'rcolli17 vient de se connecter '),
(1462748748118, 'info', 'rcolli17 vient de se connecter '),
(1462748748137, 'info', 'rcolli17 vient de se connecter '),
(1462748748161, 'info', 'rcolli17 vient de se connecter '),
(1462748748177, 'info', 'rcolli17 vient de se connecter '),
(1462748748195, 'info', 'rcolli17 vient de se connecter '),
(1462748748214, 'info', 'rcolli17 vient de se connecter '),
(1462748748229, 'info', 'rcolli17 vient de se connecter '),
(1462748748245, 'info', 'rcolli17 vient de se connecter '),
(1462748748262, 'info', 'rcolli17 vient de se connecter '),
(1462748748276, 'info', 'rcolli17 vient de se connecter '),
(1462748748293, 'info', 'rcolli17 vient de se connecter '),
(1462748748310, 'info', 'rcolli17 vient de se connecter '),
(1462748748328, 'info', 'rcolli17 vient de se connecter '),
(1462748748345, 'info', 'rcolli17 vient de se connecter '),
(1462748748368, 'info', 'rcolli17 vient de se connecter '),
(1462748748388, 'info', 'rcolli17 vient de se connecter '),
(1462748748409, 'info', 'rcolli17 vient de se connecter '),
(1462748748425, 'info', 'rcolli17 vient de se connecter '),
(1462748748443, 'info', 'rcolli17 vient de se connecter '),
(1462748748463, 'info', 'rcolli17 vient de se connecter '),
(1462748748478, 'info', 'rcolli17 vient de se connecter '),
(1462748748494, 'info', 'rcolli17 vient de se connecter '),
(1462748748513, 'info', 'rcolli17 vient de se connecter '),
(1462748748528, 'info', 'rcolli17 vient de se connecter '),
(1462748748544, 'info', 'rcolli17 vient de se connecter '),
(1462748748563, 'info', 'rcolli17 vient de se connecter '),
(1462748748590, 'info', 'rcolli17 vient de se connecter '),
(1462748748616, 'info', 'rcolli17 vient de se connecter '),
(1462748748647, 'info', 'rcolli17 vient de se connecter '),
(1462748748690, 'info', 'rcolli17 vient de se connecter '),
(1462748802179, 'info', 'rcolli17 vient de se connecter '),
(1462748884184, 'info', 'rcolli17 vient de se connecter '),
(1462748884214, 'info', 'rcolli17 vient de se connecter '),
(1462748884289, 'info', 'rcolli17 vient de se connecter '),
(1462748918693, 'info', 'rcolli17 vient de se connecter '),
(1462748918723, 'info', 'rcolli17 vient de se connecter '),
(1462748918789, 'info', 'rcolli17 vient de se connecter '),
(1462748931444, 'info', 'rcolli17 vient de se connecter '),
(1462748931474, 'info', 'rcolli17 vient de se connecter '),
(1462748931550, 'info', 'rcolli17 vient de se connecter '),
(1462748982584, 'info', 'rcolli17 vient de se connecter '),
(1462748982613, 'info', 'rcolli17 vient de se connecter '),
(1462748982707, 'info', 'rcolli17 vient de se connecter '),
(1462749190815, 'info', 'rcolli17 vient de se connecter '),
(1462749190842, 'info', 'rcolli17 vient de se connecter '),
(1462749190928, 'info', 'rcolli17 vient de se connecter '),
(1462749213280, 'info', 'rcolli17 vient de se connecter '),
(1462749213299, 'info', 'rcolli17 vient de se connecter '),
(1462749239599, 'info', 'rcolli17 vient de se connecter '),
(1462749239625, 'info', 'rcolli17 vient de se connecter '),
(1462749239707, 'info', 'rcolli17 vient de se connecter '),
(1462749253583, 'info', 'rcolli17 vient de se connecter '),
(1462749253616, 'info', 'rcolli17 vient de se connecter '),
(1462749253672, 'info', 'rcolli17 vient de se connecter '),
(1462749337386, 'info', 'rcolli17 vient de se connecter '),
(1462749337415, 'info', 'rcolli17 vient de se connecter '),
(1462749337483, 'info', 'rcolli17 vient de se connecter '),
(1462749377168, 'info', 'rcolli17 vient de se connecter '),
(1462749377202, 'info', 'rcolli17 vient de se connecter '),
(1462749377276, 'info', 'rcolli17 vient de se connecter '),
(1462749383661, 'info', 'rcolli17 vient de se connecter '),
(1462749383689, 'info', 'rcolli17 vient de se connecter '),
(1462749383774, 'info', 'rcolli17 vient de se connecter '),
(1462749502704, 'info', 'rcolli17 vient de se connecter '),
(1462749506886, 'info', 'rcolli17 vient de se connecter '),
(1462749508840, 'info', 'rcolli17 vient de se connecter '),
(1462749510386, 'info', 'rcolli17 vient de se connecter '),
(1462749511379, 'info', 'rcolli17 vient de se connecter '),
(1462749512184, 'info', 'rcolli17 vient de se connecter '),
(1462749513812, 'info', 'rcolli17 vient de se connecter '),
(1462749515019, 'info', 'rcolli17 vient de se connecter '),
(1462749522828, 'info', 'rcolli17 vient de se connecter '),
(1462749529594, 'info', 'rcolli17 vient de se connecter '),
(1462749574492, 'info', 'rcolli17 vient de se connecter '),
(1462749574515, 'info', 'rcolli17 vient de se connecter '),
(1462749574571, 'info', 'rcolli17 vient de se connecter '),
(1462749580628, 'info', 'rcolli17 vient de se connecter '),
(1462749714417, 'info', 'rcolli17 vient de se connecter '),
(1462749714439, 'info', 'rcolli17 vient de se connecter '),
(1462749714487, 'info', 'rcolli17 vient de se connecter '),
(1462749715875, 'info', 'rcolli17 vient de se connecter '),
(1462749718687, 'info', 'rcolli17 vient de se connecter '),
(1462749718719, 'info', 'rcolli17 vient de se connecter '),
(1462749718755, 'info', 'rcolli17 vient de se connecter '),
(1462749722864, 'info', 'rcolli17 vient de se connecter '),
(1462778194271, 'info', 'rcolli17 vient de se connecter '),
(1462778225699, 'info', 'rcolli17 vient de se connecter '),
(1462778232977, 'info', 'rcolli17 vient de se connecter '),
(1462778233022, 'info', 'rcolli17 vient de se connecter '),
(1462778233039, 'info', 'rcolli17 vient de se connecter '),
(1462781241159, 'info', 'rcolli17 vient de se connecter '),
(1462781241191, 'info', 'rcolli17 vient de se connecter '),
(1462781241204, 'info', 'rcolli17 vient de se connecter '),
(1462782729108, 'info', 'rcolli17 vient de se connecter '),
(1462782729125, 'info', 'rcolli17 vient de se connecter '),
(1462782729139, 'info', 'rcolli17 vient de se connecter '),
(1462782768655, 'info', 'rcolli17 vient de se connecter '),
(1462782771697, 'info', 'rcolli17 vient de se connecter '),
(1462782771725, 'info', 'rcolli17 vient de se connecter '),
(1462782771802, 'info', 'rcolli17 vient de se connecter '),
(1462782911597, 'info', 'rcolli17 vient de se connecter '),
(1462782911621, 'info', 'rcolli17 vient de se connecter '),
(1462782911701, 'info', 'rcolli17 vient de se connecter '),
(1462782911730, 'info', 'rcolli17 vient de se connecter '),
(1462782911759, 'info', 'rcolli17 vient de se connecter '),
(1462782911783, 'info', 'rcolli17 vient de se connecter '),
(1462782911810, 'info', 'rcolli17 vient de se connecter '),
(1462782911827, 'info', 'rcolli17 vient de se connecter '),
(1462782911845, 'info', 'rcolli17 vient de se connecter '),
(1462782911862, 'info', 'rcolli17 vient de se connecter '),
(1462782911878, 'info', 'rcolli17 vient de se connecter '),
(1462782911894, 'info', 'rcolli17 vient de se connecter '),
(1462782911907, 'info', 'rcolli17 vient de se connecter '),
(1462782911920, 'info', 'rcolli17 vient de se connecter '),
(1462782911937, 'info', 'rcolli17 vient de se connecter '),
(1462782911953, 'info', 'rcolli17 vient de se connecter '),
(1462782911967, 'info', 'rcolli17 vient de se connecter '),
(1462782911983, 'info', 'rcolli17 vient de se connecter '),
(1462782911998, 'info', 'rcolli17 vient de se connecter '),
(1462782912011, 'info', 'rcolli17 vient de se connecter '),
(1462782912023, 'info', 'rcolli17 vient de se connecter '),
(1462782912034, 'info', 'rcolli17 vient de se connecter '),
(1462782912046, 'info', 'rcolli17 vient de se connecter '),
(1462782912058, 'info', 'rcolli17 vient de se connecter '),
(1462782912068, 'info', 'rcolli17 vient de se connecter '),
(1462782912080, 'info', 'rcolli17 vient de se connecter '),
(1462782912092, 'info', 'rcolli17 vient de se connecter '),
(1462782912104, 'info', 'rcolli17 vient de se connecter '),
(1462782912117, 'info', 'rcolli17 vient de se connecter '),
(1462782912131, 'info', 'rcolli17 vient de se connecter '),
(1462782912149, 'info', 'rcolli17 vient de se connecter '),
(1462782912168, 'info', 'rcolli17 vient de se connecter '),
(1462782912182, 'info', 'rcolli17 vient de se connecter '),
(1462782913548, 'info', 'rcolli17 vient de se connecter '),
(1462782915667, 'info', 'rcolli17 vient de se connecter '),
(1462782915682, 'info', 'rcolli17 vient de se connecter '),
(1462782915728, 'info', 'rcolli17 vient de se connecter '),
(1462782915740, 'info', 'rcolli17 vient de se connecter '),
(1462782915753, 'info', 'rcolli17 vient de se connecter '),
(1462782915764, 'info', 'rcolli17 vient de se connecter '),
(1462782915785, 'info', 'rcolli17 vient de se connecter '),
(1462782915797, 'info', 'rcolli17 vient de se connecter '),
(1462782915810, 'info', 'rcolli17 vient de se connecter '),
(1462782915838, 'info', 'rcolli17 vient de se connecter '),
(1462782915851, 'info', 'rcolli17 vient de se connecter '),
(1462782915864, 'info', 'rcolli17 vient de se connecter '),
(1462782915877, 'info', 'rcolli17 vient de se connecter '),
(1462782915888, 'info', 'rcolli17 vient de se connecter '),
(1462782915899, 'info', 'rcolli17 vient de se connecter '),
(1462782915912, 'info', 'rcolli17 vient de se connecter '),
(1462782915923, 'info', 'rcolli17 vient de se connecter '),
(1462782915934, 'info', 'rcolli17 vient de se connecter '),
(1462782915946, 'info', 'rcolli17 vient de se connecter '),
(1462782915958, 'info', 'rcolli17 vient de se connecter '),
(1462782915968, 'info', 'rcolli17 vient de se connecter '),
(1462782915980, 'info', 'rcolli17 vient de se connecter '),
(1462782915992, 'info', 'rcolli17 vient de se connecter '),
(1462782916002, 'info', 'rcolli17 vient de se connecter '),
(1462782916016, 'info', 'rcolli17 vient de se connecter '),
(1462782916029, 'info', 'rcolli17 vient de se connecter '),
(1462782916039, 'info', 'rcolli17 vient de se connecter '),
(1462782916050, 'info', 'rcolli17 vient de se connecter '),
(1462782916062, 'info', 'rcolli17 vient de se connecter '),
(1462782916074, 'info', 'rcolli17 vient de se connecter '),
(1462782916090, 'info', 'rcolli17 vient de se connecter '),
(1462782916111, 'info', 'rcolli17 vient de se connecter '),
(1462782916124, 'info', 'rcolli17 vient de se connecter '),
(1462782945565, 'info', 'pverba17 vient de se connecter '),
(1462782945592, 'info', 'pverba17 vient de se connecter '),
(1462782945602, 'info', 'pverba17 vient de se connecter '),
(1462782945613, 'info', 'pverba17 vient de se connecter '),
(1462782945687, 'info', 'pverba17 vient de se connecter '),
(1462782945700, 'info', 'pverba17 vient de se connecter '),
(1462782945716, 'info', 'pverba17 vient de se connecter '),
(1462782945727, 'info', 'pverba17 vient de se connecter '),
(1462782945738, 'info', 'pverba17 vient de se connecter '),
(1462782945749, 'info', 'pverba17 vient de se connecter '),
(1462782945760, 'info', 'pverba17 vient de se connecter '),
(1462782945773, 'info', 'pverba17 vient de se connecter '),
(1462782945797, 'info', 'pverba17 vient de se connecter '),
(1462782945814, 'info', 'pverba17 vient de se connecter '),
(1462782945828, 'info', 'pverba17 vient de se connecter '),
(1462782945844, 'info', 'pverba17 vient de se connecter '),
(1462782945857, 'info', 'pverba17 vient de se connecter '),
(1462782945869, 'info', 'pverba17 vient de se connecter '),
(1462782945883, 'info', 'pverba17 vient de se connecter '),
(1462782945895, 'info', 'pverba17 vient de se connecter ');
INSERT INTO `log` (`timestamp`, `type`, `content`) VALUES
(1462782945915, 'info', 'pverba17 vient de se connecter '),
(1462782945928, 'info', 'pverba17 vient de se connecter '),
(1462782945937, 'info', 'pverba17 vient de se connecter '),
(1462782945949, 'info', 'pverba17 vient de se connecter '),
(1462782945959, 'info', 'pverba17 vient de se connecter '),
(1462782945969, 'info', 'pverba17 vient de se connecter '),
(1462782945980, 'info', 'pverba17 vient de se connecter '),
(1462782945992, 'info', 'pverba17 vient de se connecter '),
(1462782946006, 'info', 'pverba17 vient de se connecter '),
(1462782946017, 'info', 'pverba17 vient de se connecter '),
(1462782946029, 'info', 'pverba17 vient de se connecter '),
(1462782946042, 'info', 'pverba17 vient de se connecter '),
(1462782946060, 'info', 'pverba17 vient de se connecter '),
(1462782946077, 'info', 'pverba17 vient de se connecter '),
(1462782946095, 'info', 'pverba17 vient de se connecter '),
(1462782968151, 'info', 'pverba17 vient de se connecter '),
(1462782970023, 'info', 'pverba17 vient de se connecter '),
(1462782970039, 'info', 'pverba17 vient de se connecter '),
(1462782970092, 'info', 'pverba17 vient de se connecter '),
(1462782970106, 'info', 'pverba17 vient de se connecter '),
(1462782970120, 'info', 'pverba17 vient de se connecter '),
(1462782970130, 'info', 'pverba17 vient de se connecter '),
(1462782970144, 'info', 'pverba17 vient de se connecter '),
(1462782970159, 'info', 'pverba17 vient de se connecter '),
(1462782970172, 'info', 'pverba17 vient de se connecter '),
(1462782970185, 'info', 'pverba17 vient de se connecter '),
(1462782970198, 'info', 'pverba17 vient de se connecter '),
(1462782970214, 'info', 'pverba17 vient de se connecter '),
(1462782970225, 'info', 'pverba17 vient de se connecter '),
(1462782970238, 'info', 'pverba17 vient de se connecter '),
(1462782970251, 'info', 'pverba17 vient de se connecter '),
(1462782970263, 'info', 'pverba17 vient de se connecter '),
(1462782970278, 'info', 'pverba17 vient de se connecter '),
(1462782970290, 'info', 'pverba17 vient de se connecter '),
(1462782970301, 'info', 'pverba17 vient de se connecter '),
(1462782970312, 'info', 'pverba17 vient de se connecter '),
(1462782970322, 'info', 'pverba17 vient de se connecter '),
(1462782970335, 'info', 'pverba17 vient de se connecter '),
(1462782970345, 'info', 'pverba17 vient de se connecter '),
(1462782970358, 'info', 'pverba17 vient de se connecter '),
(1462782970370, 'info', 'pverba17 vient de se connecter '),
(1462782970381, 'info', 'pverba17 vient de se connecter '),
(1462782970391, 'info', 'pverba17 vient de se connecter '),
(1462782970404, 'info', 'pverba17 vient de se connecter '),
(1462782970416, 'info', 'pverba17 vient de se connecter '),
(1462782970429, 'info', 'pverba17 vient de se connecter '),
(1462782970446, 'info', 'pverba17 vient de se connecter '),
(1462782970457, 'info', 'pverba17 vient de se connecter '),
(1462782970469, 'info', 'pverba17 vient de se connecter '),
(1462782977371, 'info', 'pverba17 vient de se connecter '),
(1462782984098, 'info', 'pverba17 vient de se connecter '),
(1462782984117, 'info', 'pverba17 vient de se connecter '),
(1462782984170, 'info', 'pverba17 vient de se connecter '),
(1462782984184, 'info', 'pverba17 vient de se connecter '),
(1462782984195, 'info', 'pverba17 vient de se connecter '),
(1462782984209, 'info', 'pverba17 vient de se connecter '),
(1462782984219, 'info', 'pverba17 vient de se connecter '),
(1462782984230, 'info', 'pverba17 vient de se connecter '),
(1462782984241, 'info', 'pverba17 vient de se connecter '),
(1462782984250, 'info', 'pverba17 vient de se connecter '),
(1462782984268, 'info', 'pverba17 vient de se connecter '),
(1462782984283, 'info', 'pverba17 vient de se connecter '),
(1462782984296, 'info', 'pverba17 vient de se connecter '),
(1462782984309, 'info', 'pverba17 vient de se connecter '),
(1462782984322, 'info', 'pverba17 vient de se connecter '),
(1462782984334, 'info', 'pverba17 vient de se connecter '),
(1462782984348, 'info', 'pverba17 vient de se connecter '),
(1462782984359, 'info', 'pverba17 vient de se connecter '),
(1462782984371, 'info', 'pverba17 vient de se connecter '),
(1462782984383, 'info', 'pverba17 vient de se connecter '),
(1462782984394, 'info', 'pverba17 vient de se connecter '),
(1462782984430, 'info', 'pverba17 vient de se connecter '),
(1462782984444, 'info', 'pverba17 vient de se connecter '),
(1462782984455, 'info', 'pverba17 vient de se connecter '),
(1462782984467, 'info', 'pverba17 vient de se connecter '),
(1462782984478, 'info', 'pverba17 vient de se connecter '),
(1462782984489, 'info', 'pverba17 vient de se connecter '),
(1462782984499, 'info', 'pverba17 vient de se connecter '),
(1462782984512, 'info', 'pverba17 vient de se connecter '),
(1462782984526, 'info', 'pverba17 vient de se connecter '),
(1462782984543, 'info', 'pverba17 vient de se connecter '),
(1462782984554, 'info', 'pverba17 vient de se connecter '),
(1462782984566, 'info', 'pverba17 vient de se connecter '),
(1462786387692, 'info', 'rcolli17 vient de se connecter '),
(1462786387793, 'info', 'rcolli17 vient de se connecter '),
(1462786387834, 'info', 'rcolli17 vient de se connecter '),
(1462786387850, 'info', 'rcolli17 vient de se connecter '),
(1462786388019, 'info', 'rcolli17 vient de se connecter '),
(1462786388046, 'info', 'rcolli17 vient de se connecter '),
(1462786388068, 'info', 'rcolli17 vient de se connecter '),
(1462786388090, 'info', 'rcolli17 vient de se connecter '),
(1462786388110, 'info', 'rcolli17 vient de se connecter '),
(1462786388128, 'info', 'rcolli17 vient de se connecter '),
(1462786388148, 'info', 'rcolli17 vient de se connecter '),
(1462786388178, 'info', 'rcolli17 vient de se connecter '),
(1462786388193, 'info', 'rcolli17 vient de se connecter '),
(1462786388210, 'info', 'rcolli17 vient de se connecter '),
(1462786388229, 'info', 'rcolli17 vient de se connecter '),
(1462786388244, 'info', 'rcolli17 vient de se connecter '),
(1462786388261, 'info', 'rcolli17 vient de se connecter '),
(1462786388276, 'info', 'rcolli17 vient de se connecter '),
(1462786388291, 'info', 'rcolli17 vient de se connecter '),
(1462786388305, 'info', 'rcolli17 vient de se connecter '),
(1462786388321, 'info', 'rcolli17 vient de se connecter '),
(1462786388341, 'info', 'rcolli17 vient de se connecter '),
(1462786388360, 'info', 'rcolli17 vient de se connecter '),
(1462786388378, 'info', 'rcolli17 vient de se connecter '),
(1462786388395, 'info', 'rcolli17 vient de se connecter '),
(1462786388414, 'info', 'rcolli17 vient de se connecter '),
(1462786388431, 'info', 'rcolli17 vient de se connecter '),
(1462786388450, 'info', 'rcolli17 vient de se connecter '),
(1462786388470, 'info', 'rcolli17 vient de se connecter '),
(1462786388488, 'info', 'rcolli17 vient de se connecter '),
(1462786388507, 'info', 'rcolli17 vient de se connecter '),
(1462786388526, 'info', 'rcolli17 vient de se connecter '),
(1462786388562, 'info', 'rcolli17 vient de se connecter '),
(1462786388586, 'info', 'rcolli17 vient de se connecter '),
(1462786388607, 'info', 'rcolli17 vient de se connecter '),
(1462786494982, 'info', 'rcolli17 vient de se connecter '),
(1462786495022, 'info', 'rcolli17 vient de se connecter '),
(1462786495064, 'info', 'rcolli17 vient de se connecter '),
(1462786495087, 'info', 'rcolli17 vient de se connecter '),
(1462786495359, 'info', 'rcolli17 vient de se connecter '),
(1462786495393, 'info', 'rcolli17 vient de se connecter '),
(1462786495424, 'info', 'rcolli17 vient de se connecter '),
(1462786495452, 'info', 'rcolli17 vient de se connecter '),
(1462786495485, 'info', 'rcolli17 vient de se connecter '),
(1462786495518, 'info', 'rcolli17 vient de se connecter '),
(1462786495539, 'info', 'rcolli17 vient de se connecter '),
(1462786495556, 'info', 'rcolli17 vient de se connecter '),
(1462786495585, 'info', 'rcolli17 vient de se connecter '),
(1462786495609, 'info', 'rcolli17 vient de se connecter '),
(1462786495634, 'info', 'rcolli17 vient de se connecter '),
(1462786495655, 'info', 'rcolli17 vient de se connecter '),
(1462786495676, 'info', 'rcolli17 vient de se connecter '),
(1462786495704, 'info', 'rcolli17 vient de se connecter '),
(1462786495737, 'info', 'rcolli17 vient de se connecter '),
(1462786495763, 'info', 'rcolli17 vient de se connecter '),
(1462786495787, 'info', 'rcolli17 vient de se connecter '),
(1462786495806, 'info', 'rcolli17 vient de se connecter '),
(1462786495824, 'info', 'rcolli17 vient de se connecter '),
(1462786495841, 'info', 'rcolli17 vient de se connecter '),
(1462786495868, 'info', 'rcolli17 vient de se connecter '),
(1462786495892, 'info', 'rcolli17 vient de se connecter '),
(1462786495917, 'info', 'rcolli17 vient de se connecter '),
(1462786495938, 'info', 'rcolli17 vient de se connecter '),
(1462786495978, 'info', 'rcolli17 vient de se connecter '),
(1462786496019, 'info', 'rcolli17 vient de se connecter '),
(1462786496114, 'info', 'rcolli17 vient de se connecter '),
(1462786496171, 'info', 'rcolli17 vient de se connecter '),
(1462786496220, 'info', 'rcolli17 vient de se connecter '),
(1462786496241, 'info', 'rcolli17 vient de se connecter '),
(1462786496259, 'info', 'rcolli17 vient de se connecter '),
(1462786502684, 'info', 'rcolli17 vient de se connecter '),
(1462786528057, 'info', 'rcolli17 vient de se connecter '),
(1462786528093, 'info', 'rcolli17 vient de se connecter '),
(1462786528182, 'info', 'rcolli17 vient de se connecter '),
(1462786625531, 'info', 'rcolli17 vient de se connecter '),
(1462786625560, 'info', 'rcolli17 vient de se connecter '),
(1462786625681, 'info', 'rcolli17 vient de se connecter '),
(1462786663620, 'info', 'rcolli17 vient de se connecter '),
(1462786663652, 'info', 'rcolli17 vient de se connecter '),
(1462786663761, 'info', 'rcolli17 vient de se connecter '),
(1462787183781, 'info', 'rcolli17 vient de se connecter '),
(1462787183815, 'info', 'rcolli17 vient de se connecter '),
(1462787183913, 'info', 'rcolli17 vient de se connecter '),
(1462787194819, 'info', 'rcolli17 vient de se connecter '),
(1462787194848, 'info', 'rcolli17 vient de se connecter '),
(1462787194938, 'info', 'rcolli17 vient de se connecter '),
(1462787359379, 'info', 'rcolli17 vient de se connecter '),
(1462787359410, 'info', 'rcolli17 vient de se connecter '),
(1462787359516, 'info', 'rcolli17 vient de se connecter '),
(1462787387703, 'info', 'rcolli17 vient de se connecter '),
(1462787387734, 'info', 'rcolli17 vient de se connecter '),
(1462787387834, 'info', 'rcolli17 vient de se connecter '),
(1462787401630, 'info', 'rcolli17 vient de se connecter '),
(1462787401663, 'info', 'rcolli17 vient de se connecter '),
(1462787401768, 'info', 'rcolli17 vient de se connecter '),
(1462787468237, 'info', 'rcolli17 vient de se connecter '),
(1462787468285, 'info', 'rcolli17 vient de se connecter '),
(1462787468383, 'info', 'rcolli17 vient de se connecter '),
(1462787687273, 'info', 'rcolli17 vient de se connecter '),
(1462787687305, 'info', 'rcolli17 vient de se connecter '),
(1462787687390, 'info', 'rcolli17 vient de se connecter '),
(1462787956258, 'info', 'rcolli17 vient de se connecter '),
(1462787956292, 'info', 'rcolli17 vient de se connecter '),
(1462787956387, 'info', 'rcolli17 vient de se connecter '),
(1462788385435, 'info', 'rcolli17 vient de se connecter '),
(1462788385457, 'info', 'rcolli17 vient de se connecter '),
(1462788385540, 'info', 'rcolli17 vient de se connecter '),
(1462788440460, 'info', 'rcolli17 vient de se connecter '),
(1462788440482, 'info', 'rcolli17 vient de se connecter '),
(1462788440549, 'info', 'rcolli17 vient de se connecter '),
(1462788456847, 'info', 'rcolli17 vient de se connecter '),
(1462788456871, 'info', 'rcolli17 vient de se connecter '),
(1462788456946, 'info', 'rcolli17 vient de se connecter '),
(1462788461258, 'info', 'rcolli17 vient de se connecter '),
(1462788461284, 'info', 'rcolli17 vient de se connecter '),
(1462788461367, 'info', 'rcolli17 vient de se connecter '),
(1462788616833, 'info', 'rcolli17 vient de se connecter '),
(1462788616860, 'info', 'rcolli17 vient de se connecter '),
(1462788616897, 'info', 'rcolli17 vient de se connecter '),
(1462788695750, 'info', 'rcolli17 vient de se connecter '),
(1462788695777, 'info', 'rcolli17 vient de se connecter '),
(1462788695850, 'info', 'rcolli17 vient de se connecter '),
(1462788703530, 'info', 'rcolli17 vient de se connecter '),
(1462788770878, 'info', 'rcolli17 vient de se connecter '),
(1462788770909, 'info', 'rcolli17 vient de se connecter '),
(1462788770988, 'info', 'rcolli17 vient de se connecter '),
(1462789637258, 'info', 'rcolli17 vient de se connecter '),
(1462789637286, 'info', 'rcolli17 vient de se connecter '),
(1462789637377, 'info', 'rcolli17 vient de se connecter '),
(1462789662200, 'info', 'rcolli17 vient de se connecter '),
(1462789662227, 'info', 'rcolli17 vient de se connecter '),
(1462789662298, 'info', 'rcolli17 vient de se connecter '),
(1462789735274, 'info', 'rcolli17 vient de se connecter '),
(1462789735303, 'info', 'rcolli17 vient de se connecter '),
(1462789735408, 'info', 'rcolli17 vient de se connecter '),
(1462789770847, 'info', 'rcolli17 vient de se connecter '),
(1462789770882, 'info', 'rcolli17 vient de se connecter '),
(1462789770970, 'info', 'rcolli17 vient de se connecter '),
(1462789862812, 'info', 'rcolli17 vient de se connecter '),
(1462789862840, 'info', 'rcolli17 vient de se connecter '),
(1462789862942, 'info', 'rcolli17 vient de se connecter '),
(1462789936834, 'info', 'rcolli17 vient de se connecter '),
(1462789936862, 'info', 'rcolli17 vient de se connecter '),
(1462789936953, 'info', 'rcolli17 vient de se connecter '),
(1462789974326, 'info', 'rcolli17 vient de se connecter '),
(1462789974350, 'info', 'rcolli17 vient de se connecter '),
(1462789974427, 'info', 'rcolli17 vient de se connecter '),
(1462789995573, 'info', 'rcolli17 vient de se connecter '),
(1462789995598, 'info', 'rcolli17 vient de se connecter '),
(1462789995677, 'info', 'rcolli17 vient de se connecter '),
(1462790040479, 'info', 'rcolli17 vient de se connecter '),
(1462790042684, 'info', 'rcolli17 vient de se connecter '),
(1462790042717, 'info', 'rcolli17 vient de se connecter '),
(1462790042824, 'info', 'rcolli17 vient de se connecter '),
(1462790099376, 'info', 'rcolli17 vient de se connecter '),
(1462790099407, 'info', 'rcolli17 vient de se connecter '),
(1462790099475, 'info', 'rcolli17 vient de se connecter '),
(1462790152105, 'info', 'rcolli17 vient de se connecter '),
(1462790152135, 'info', 'rcolli17 vient de se connecter '),
(1462790152240, 'info', 'rcolli17 vient de se connecter '),
(1462790183034, 'info', 'rcolli17 vient de se connecter '),
(1462790183053, 'info', 'rcolli17 vient de se connecter '),
(1462790183136, 'info', 'rcolli17 vient de se connecter '),
(1462790194202, 'info', 'rcolli17 vient de se connecter '),
(1462790194228, 'info', 'rcolli17 vient de se connecter '),
(1462790194308, 'info', 'rcolli17 vient de se connecter '),
(1462790203330, 'info', 'rcolli17 vient de se connecter '),
(1462790203356, 'info', 'rcolli17 vient de se connecter '),
(1462790203430, 'info', 'rcolli17 vient de se connecter '),
(1462790217106, 'info', 'rcolli17 vient de se connecter '),
(1462790217137, 'info', 'rcolli17 vient de se connecter '),
(1462790217210, 'info', 'rcolli17 vient de se connecter '),
(1462790352880, 'info', 'rcolli17 vient de se connecter '),
(1462790352901, 'info', 'rcolli17 vient de se connecter '),
(1462790352988, 'info', 'rcolli17 vient de se connecter '),
(1462790363491, 'info', 'rcolli17 vient de se connecter '),
(1462790363517, 'info', 'rcolli17 vient de se connecter '),
(1462790363595, 'info', 'rcolli17 vient de se connecter '),
(1462790379732, 'info', 'rcolli17 vient de se connecter '),
(1462790379802, 'info', 'rcolli17 vient de se connecter '),
(1462790521593, 'info', 'rcolli17 vient de se connecter '),
(1462790521627, 'info', 'rcolli17 vient de se connecter '),
(1462790521706, 'info', 'rcolli17 vient de se connecter '),
(1462790563849, 'info', 'rcolli17 vient de se connecter '),
(1462790563885, 'info', 'rcolli17 vient de se connecter '),
(1462790563960, 'info', 'rcolli17 vient de se connecter '),
(1462795730828, 'info', 'rcolli17 vient de se connecter '),
(1462795730854, 'info', 'rcolli17 vient de se connecter '),
(1462795787274, 'info', 'rcolli17 vient de se connecter '),
(1462795787297, 'info', 'rcolli17 vient de se connecter '),
(1462795821294, 'info', 'rcolli17 vient de se connecter '),
(1462795821330, 'info', 'rcolli17 vient de se connecter '),
(1462795866182, 'info', 'rcolli17 vient de se connecter '),
(1462795866207, 'info', 'rcolli17 vient de se connecter '),
(1462796092118, 'info', 'rcolli17 vient de se connecter '),
(1462796092161, 'info', 'rcolli17 vient de se connecter '),
(1462796184640, 'info', 'rcolli17 vient de se connecter '),
(1462796184670, 'info', 'rcolli17 vient de se connecter '),
(1462796270209, 'info', 'rcolli17 vient de se connecter '),
(1462796270244, 'info', 'rcolli17 vient de se connecter '),
(1462796301527, 'info', 'rcolli17 vient de se connecter '),
(1462796301568, 'info', 'rcolli17 vient de se connecter '),
(1462796301650, 'info', 'rcolli17 vient de se connecter '),
(1462796579096, 'info', 'rcolli17 vient de se connecter '),
(1462796579117, 'info', 'rcolli17 vient de se connecter '),
(1462796579199, 'info', 'rcolli17 vient de se connecter '),
(1462797084569, 'info', 'rcolli17 vient de se connecter '),
(1462797084597, 'info', 'rcolli17 vient de se connecter '),
(1462797084670, 'info', 'rcolli17 vient de se connecter '),
(1462797145441, 'info', 'rcolli17 vient de se connecter '),
(1462797145473, 'info', 'rcolli17 vient de se connecter '),
(1462797145554, 'info', 'rcolli17 vient de se connecter '),
(1462797236142, 'info', 'rcolli17 vient de se connecter '),
(1462797236176, 'info', 'rcolli17 vient de se connecter '),
(1462797236262, 'info', 'rcolli17 vient de se connecter '),
(1462797331988, 'info', 'rcolli17 vient de se connecter '),
(1462797332016, 'info', 'rcolli17 vient de se connecter '),
(1462797332105, 'info', 'rcolli17 vient de se connecter '),
(1462797373526, 'info', 'rcolli17 vient de se connecter '),
(1462797373555, 'info', 'rcolli17 vient de se connecter '),
(1462797373649, 'info', 'rcolli17 vient de se connecter '),
(1462797426918, 'info', 'rcolli17 vient de se connecter '),
(1462797426941, 'info', 'rcolli17 vient de se connecter '),
(1462797427026, 'info', 'rcolli17 vient de se connecter '),
(1462797436017, 'info', 'rcolli17 vient de se connecter '),
(1462797517547, 'info', 'rcolli17 vient de se connecter '),
(1462797517572, 'info', 'rcolli17 vient de se connecter '),
(1462797517650, 'info', 'rcolli17 vient de se connecter '),
(1462797526154, 'info', 'rcolli17 vient de se connecter '),
(1462797770222, 'info', 'rcolli17 vient de se connecter '),
(1462797770250, 'info', 'rcolli17 vient de se connecter '),
(1462797770333, 'info', 'rcolli17 vient de se connecter '),
(1462797865580, 'info', 'rcolli17 vient de se connecter '),
(1462797865608, 'info', 'rcolli17 vient de se connecter '),
(1462797865689, 'info', 'rcolli17 vient de se connecter '),
(1462797873638, 'info', 'rcolli17 vient de se connecter '),
(1462797897335, 'info', 'rcolli17 vient de se connecter '),
(1462797897366, 'info', 'rcolli17 vient de se connecter '),
(1462797897451, 'info', 'rcolli17 vient de se connecter '),
(1462797947631, 'info', 'rcolli17 vient de se connecter '),
(1462798047501, 'info', 'rcolli17 vient de se connecter '),
(1462798047520, 'info', 'rcolli17 vient de se connecter '),
(1462798047603, 'info', 'rcolli17 vient de se connecter '),
(1462798047625, 'info', 'rcolli17 vient de se connecter '),
(1462798047641, 'info', 'rcolli17 vient de se connecter '),
(1462798047658, 'info', 'rcolli17 vient de se connecter '),
(1462798047684, 'info', 'rcolli17 vient de se connecter '),
(1462798047709, 'info', 'rcolli17 vient de se connecter '),
(1462798047725, 'info', 'rcolli17 vient de se connecter '),
(1462798047741, 'info', 'rcolli17 vient de se connecter '),
(1462798047763, 'info', 'rcolli17 vient de se connecter '),
(1462798047782, 'info', 'rcolli17 vient de se connecter '),
(1462798047808, 'info', 'rcolli17 vient de se connecter '),
(1462798047829, 'info', 'rcolli17 vient de se connecter '),
(1462798047846, 'info', 'rcolli17 vient de se connecter '),
(1462798047862, 'info', 'rcolli17 vient de se connecter '),
(1462798047876, 'info', 'rcolli17 vient de se connecter '),
(1462798047893, 'info', 'rcolli17 vient de se connecter '),
(1462798047915, 'info', 'rcolli17 vient de se connecter '),
(1462798047934, 'info', 'rcolli17 vient de se connecter '),
(1462798047949, 'info', 'rcolli17 vient de se connecter '),
(1462798047964, 'info', 'rcolli17 vient de se connecter '),
(1462798047978, 'info', 'rcolli17 vient de se connecter '),
(1462798047993, 'info', 'rcolli17 vient de se connecter '),
(1462798048016, 'info', 'rcolli17 vient de se connecter '),
(1462798048035, 'info', 'rcolli17 vient de se connecter '),
(1462798048050, 'info', 'rcolli17 vient de se connecter '),
(1462798048065, 'info', 'rcolli17 vient de se connecter '),
(1462798048083, 'info', 'rcolli17 vient de se connecter '),
(1462798048111, 'info', 'rcolli17 vient de se connecter '),
(1462798048168, 'info', 'rcolli17 vient de se connecter '),
(1462798048202, 'info', 'rcolli17 vient de se connecter '),
(1462798048226, 'info', 'rcolli17 vient de se connecter '),
(1462798259710, 'info', 'rcolli17 vient de se connecter '),
(1462798259736, 'info', 'rcolli17 vient de se connecter '),
(1462798259771, 'info', 'rcolli17 vient de se connecter '),
(1462798259791, 'info', 'rcolli17 vient de se connecter '),
(1462798260056, 'info', 'rcolli17 vient de se connecter '),
(1462798260086, 'info', 'rcolli17 vient de se connecter '),
(1462798260101, 'info', 'rcolli17 vient de se connecter '),
(1462798260116, 'info', 'rcolli17 vient de se connecter '),
(1462798260133, 'info', 'rcolli17 vient de se connecter '),
(1462798260166, 'info', 'rcolli17 vient de se connecter '),
(1462798260197, 'info', 'rcolli17 vient de se connecter '),
(1462798260217, 'info', 'rcolli17 vient de se connecter '),
(1462798260230, 'info', 'rcolli17 vient de se connecter '),
(1462798260244, 'info', 'rcolli17 vient de se connecter '),
(1462798260269, 'info', 'rcolli17 vient de se connecter '),
(1462798260288, 'info', 'rcolli17 vient de se connecter '),
(1462798260310, 'info', 'rcolli17 vient de se connecter '),
(1462798260327, 'info', 'rcolli17 vient de se connecter '),
(1462798260342, 'info', 'rcolli17 vient de se connecter '),
(1462798260356, 'info', 'rcolli17 vient de se connecter '),
(1462798260373, 'info', 'rcolli17 vient de se connecter '),
(1462798260390, 'info', 'rcolli17 vient de se connecter '),
(1462798260410, 'info', 'rcolli17 vient de se connecter '),
(1462798260427, 'info', 'rcolli17 vient de se connecter '),
(1462798260442, 'info', 'rcolli17 vient de se connecter '),
(1462798260456, 'info', 'rcolli17 vient de se connecter '),
(1462798260469, 'info', 'rcolli17 vient de se connecter '),
(1462798260484, 'info', 'rcolli17 vient de se connecter '),
(1462798260504, 'info', 'rcolli17 vient de se connecter '),
(1462798260520, 'info', 'rcolli17 vient de se connecter '),
(1462798260537, 'info', 'rcolli17 vient de se connecter '),
(1462798260556, 'info', 'rcolli17 vient de se connecter '),
(1462798260595, 'info', 'rcolli17 vient de se connecter '),
(1462798260624, 'info', 'rcolli17 vient de se connecter '),
(1462798260661, 'info', 'rcolli17 vient de se connecter '),
(1462798261768, 'info', 'rcolli17 vient de se connecter '),
(1462798318511, 'info', 'rcolli17 vient de se connecter '),
(1462798318536, 'info', 'rcolli17 vient de se connecter '),
(1462798318617, 'info', 'rcolli17 vient de se connecter '),
(1462798338121, 'info', 'rcolli17 vient de se connecter '),
(1462798338150, 'info', 'rcolli17 vient de se connecter '),
(1462798338242, 'info', 'rcolli17 vient de se connecter '),
(1462798355187, 'info', 'rcolli17 vient de se connecter '),
(1462798355220, 'info', 'rcolli17 vient de se connecter '),
(1462798355300, 'info', 'rcolli17 vient de se connecter '),
(14629555145593, 'error', '{"err":"No matching route with method: GET and url: club_evaluator","file":"C:\\\\wamp64\\\\www\\\\projetm1\\\\api\\\\API\\\\Router.php","line":46}'),
(14629555281355, 'error', '{"err":"No matching route with method: GET and url: club_evaluator\\/rcolli17","file":"C:\\\\wamp64\\\\www\\\\projetm1\\\\api\\\\API\\\\Router.php","line":46}'),
(14629563825305, 'error', '{"err":"No matching route with method: GET and url: club_evaluator\\/vrioua17","file":"C:\\\\wamp64\\\\www\\\\projetm1\\\\api\\\\API\\\\Router.php","line":46}'),
(14629563850584, 'error', '{"err":"No matching route with method: GET and url: club_evaluator\\/vrioua17","file":"C:\\\\wamp64\\\\www\\\\projetm1\\\\api\\\\API\\\\Router.php","line":46}'),
(14629576956501, 'error', '{"err":"No matching route with method: GET and url: clubEvaluator\\/vrioua17","file":"C:\\\\wamp64\\\\www\\\\projetm1\\\\api\\\\API\\\\Router.php","line":46}'),
(14629577092917, 'error', '{"err":"No matching route with method: GET and url: clubEvaluator\\/vrioua17","file":"C:\\\\wamp64\\\\www\\\\projetm1\\\\api\\\\API\\\\Router.php","line":46}'),
(14629593757910, 'error', '{"err":"No matching route with method: GET and url: clubs\\/7cbed127-0df3-11e6-9aa9-448a5b42bfcd","file":"C:\\\\wamp64\\\\www\\\\projetm1\\\\api\\\\API\\\\Router.php","line":46}'),
(14629764119307, 'error', '{"err":"No matching route with method: GET and url: user\\/7cbed127-0df3-11e6-9aa9-448a5b42bfcd","file":"C:\\\\wamp64\\\\www\\\\projetm1\\\\api\\\\API\\\\Router.php","line":46}'),
(14629764120503, 'error', '{"err":"No matching route with method: GET and url: user\\/7cbed127-0df3-11e6-9aa9-448a5b42bfcd","file":"C:\\\\wamp64\\\\www\\\\projetm1\\\\api\\\\API\\\\Router.php","line":46}'),
(14629764121636, 'error', '{"err":"No matching route with method: GET and url: user\\/7cbed127-0df3-11e6-9aa9-448a5b42bfcd","file":"C:\\\\wamp64\\\\www\\\\projetm1\\\\api\\\\API\\\\Router.php","line":46}'),
(14629765186185, 'error', '{"err":"No matching route with method: GET and url: user\\/7cbed127-0df3-11e6-9aa9-448a5b42bfcd","file":"C:\\\\wamp64\\\\www\\\\projetm1\\\\api\\\\API\\\\Router.php","line":46}'),
(14629765187272, 'error', '{"err":"No matching route with method: GET and url: user\\/7cbed127-0df3-11e6-9aa9-448a5b42bfcd","file":"C:\\\\wamp64\\\\www\\\\projetm1\\\\api\\\\API\\\\Router.php","line":46}'),
(14629765188327, 'error', '{"err":"No matching route with method: GET and url: user\\/7cbed127-0df3-11e6-9aa9-448a5b42bfcd","file":"C:\\\\wamp64\\\\www\\\\projetm1\\\\api\\\\API\\\\Router.php","line":46}'),
(14629765349212, 'error', '{"err":"No matching route with method: GET and url: user\\/7cbed127-0df3-11e6-9aa9-448a5b42bfcd","file":"C:\\\\wamp64\\\\www\\\\projetm1\\\\api\\\\API\\\\Router.php","line":46}'),
(14629765350242, 'error', '{"err":"No matching route with method: GET and url: user\\/7cbed127-0df3-11e6-9aa9-448a5b42bfcd","file":"C:\\\\wamp64\\\\www\\\\projetm1\\\\api\\\\API\\\\Router.php","line":46}'),
(14629765351297, 'error', '{"err":"No matching route with method: GET and url: user\\/7cbed127-0df3-11e6-9aa9-448a5b42bfcd","file":"C:\\\\wamp64\\\\www\\\\projetm1\\\\api\\\\API\\\\Router.php","line":46}'),
(14629772472194, 'error', '{"err":"No matching route with method: GET and url: contact\\/vrioua17","file":"C:\\\\wamp64\\\\www\\\\projetm1\\\\api\\\\API\\\\Router.php","line":46}'),
(14629816115813, 'error', '{"err":"No matching route with method: GET and url: role\\/pverba17\\/7cbed127-0df3-11e6-9aa9-448a5b42bfcd","file":"C:\\\\wamp64\\\\www\\\\projetm1\\\\api\\\\API\\\\Router.php","line":46}'),
(14629818954134, 'error', '{"err":"No matching route with method: GET and url: role\\/pverba17\\/7cbed127-0df3-11e6-9aa9-448a5b42bfcd","file":"C:\\\\wamp64\\\\www\\\\projetm1\\\\api\\\\API\\\\Router.php","line":46}'),
(14629843700413, 'error', '{"err":"No matching route with method: GET and url: role\\/pverba17\\/7cbed127-0df3-11e6-9aa9-448a5b42bfcd","file":"C:\\\\wamp64\\\\www\\\\projetm1\\\\api\\\\API\\\\Router.php","line":46}'),
(14629843829101, 'error', '{"err":"No matching route with method: GET and url: role\\/pverba17\\/7cbed127-0df3-11e6-9aa9-448a5b42bfcd","file":"C:\\\\wamp64\\\\www\\\\projetm1\\\\api\\\\API\\\\Router.php","line":46}'),
(14629843837127, 'error', '{"err":"No matching route with method: GET and url: role\\/pverba17\\/7cbed127-0df3-11e6-9aa9-448a5b42bfcd","file":"C:\\\\wamp64\\\\www\\\\projetm1\\\\api\\\\API\\\\Router.php","line":46}'),
(14629843842259, 'error', '{"err":"No matching route with method: GET and url: role\\/pverba17\\/7cbed127-0df3-11e6-9aa9-448a5b42bfcd","file":"C:\\\\wamp64\\\\www\\\\projetm1\\\\api\\\\API\\\\Router.php","line":46}'),
(14629843845806, 'error', '{"err":"No matching route with method: GET and url: role\\/pverba17\\/7cbed127-0df3-11e6-9aa9-448a5b42bfcd","file":"C:\\\\wamp64\\\\www\\\\projetm1\\\\api\\\\API\\\\Router.php","line":46}'),
(14629844132848, 'error', '{"err":"No matching route with method: GET and url: role\\/pverba17\\/7cbed127-0df3-11e6-9aa9-448a5b42bfcd","file":"C:\\\\wamp64\\\\www\\\\projetm1\\\\api\\\\API\\\\Router.php","line":46}'),
(14629844140097, 'error', '{"err":"No matching route with method: GET and url: role\\/pverba17\\/7cbed127-0df3-11e6-9aa9-448a5b42bfcd","file":"C:\\\\wamp64\\\\www\\\\projetm1\\\\api\\\\API\\\\Router.php","line":46}'),
(14629844145440, 'error', '{"err":"No matching route with method: GET and url: role\\/pverba17\\/7cbed127-0df3-11e6-9aa9-448a5b42bfcd","file":"C:\\\\wamp64\\\\www\\\\projetm1\\\\api\\\\API\\\\Router.php","line":46}'),
(14629844151604, 'error', '{"err":"No matching route with method: GET and url: role\\/pverba17\\/7cbed127-0df3-11e6-9aa9-448a5b42bfcd","file":"C:\\\\wamp64\\\\www\\\\projetm1\\\\api\\\\API\\\\Router.php","line":46}'),
(14629844155825, 'error', '{"err":"No matching route with method: GET and url: role\\/pverba17\\/7cbed127-0df3-11e6-9aa9-448a5b42bfcd","file":"C:\\\\wamp64\\\\www\\\\projetm1\\\\api\\\\API\\\\Router.php","line":46}'),
(14629844160356, 'error', '{"err":"No matching route with method: GET and url: role\\/pverba17\\/7cbed127-0df3-11e6-9aa9-448a5b42bfcd","file":"C:\\\\wamp64\\\\www\\\\projetm1\\\\api\\\\API\\\\Router.php","line":46}'),
(14629844852512, 'error', '{"err":"No matching route with method: GET and url: role\\/pverba17\\/7cbed127-0df3-11e6-9aa9-448a5b42bfcd","file":"C:\\\\wamp64\\\\www\\\\projetm1\\\\api\\\\API\\\\Router.php","line":46}'),
(14629845152691, 'error', '{"err":"No matching route with method: GET and url: role\\/pverba17\\/7cbed127-0df3-11e6-9aa9-448a5b42bfcd","file":"C:\\\\wamp64\\\\www\\\\projetm1\\\\api\\\\API\\\\Router.php","line":46}'),
(14629845165188, 'error', '{"err":"No matching route with method: GET and url: role\\/pverba17\\/7cbed127-0df3-11e6-9aa9-448a5b42bfcd","file":"C:\\\\wamp64\\\\www\\\\projetm1\\\\api\\\\API\\\\Router.php","line":46}'),
(14629845263925, 'error', '{"err":"No matching route with method: GET and url: role\\/pverba17\\/7cbed127-0df3-11e6-9aa9-448a5b42bfcd","file":"C:\\\\wamp64\\\\www\\\\projetm1\\\\api\\\\API\\\\Router.php","line":46}'),
(14629845270569, 'error', '{"err":"No matching route with method: GET and url: role\\/pverba17\\/7cbed127-0df3-11e6-9aa9-448a5b42bfcd","file":"C:\\\\wamp64\\\\www\\\\projetm1\\\\api\\\\API\\\\Router.php","line":46}'),
(14629845273159, 'error', '{"err":"No matching route with method: GET and url: role\\/pverba17\\/7cbed127-0df3-11e6-9aa9-448a5b42bfcd","file":"C:\\\\wamp64\\\\www\\\\projetm1\\\\api\\\\API\\\\Router.php","line":46}'),
(14629845275106, 'error', '{"err":"No matching route with method: GET and url: role\\/pverba17\\/7cbed127-0df3-11e6-9aa9-448a5b42bfcd","file":"C:\\\\wamp64\\\\www\\\\projetm1\\\\api\\\\API\\\\Router.php","line":46}'),
(14629845276912, 'error', '{"err":"No matching route with method: GET and url: role\\/pverba17\\/7cbed127-0df3-11e6-9aa9-448a5b42bfcd","file":"C:\\\\wamp64\\\\www\\\\projetm1\\\\api\\\\API\\\\Router.php","line":46}'),
(14629845279174, 'error', '{"err":"No matching route with method: GET and url: role\\/pverba17\\/7cbed127-0df3-11e6-9aa9-448a5b42bfcd","file":"C:\\\\wamp64\\\\www\\\\projetm1\\\\api\\\\API\\\\Router.php","line":46}'),
(14629845281243, 'error', '{"err":"No matching route with method: GET and url: role\\/pverba17\\/7cbed127-0df3-11e6-9aa9-448a5b42bfcd","file":"C:\\\\wamp64\\\\www\\\\projetm1\\\\api\\\\API\\\\Router.php","line":46}'),
(14629845283288, 'error', '{"err":"No matching route with method: GET and url: role\\/pverba17\\/7cbed127-0df3-11e6-9aa9-448a5b42bfcd","file":"C:\\\\wamp64\\\\www\\\\projetm1\\\\api\\\\API\\\\Router.php","line":46}'),
(14629845285161, 'error', '{"err":"No matching route with method: GET and url: role\\/pverba17\\/7cbed127-0df3-11e6-9aa9-448a5b42bfcd","file":"C:\\\\wamp64\\\\www\\\\projetm1\\\\api\\\\API\\\\Router.php","line":46}'),
(14629845287312, 'error', '{"err":"No matching route with method: GET and url: role\\/pverba17\\/7cbed127-0df3-11e6-9aa9-448a5b42bfcd","file":"C:\\\\wamp64\\\\www\\\\projetm1\\\\api\\\\API\\\\Router.php","line":46}'),
(14629846081472, 'error', '{"err":"No matching route with method: GET and url: role\\/pverba17\\/7cbed127-0df3-11e6-9aa9-448a5b42bfcd","file":"C:\\\\wamp64\\\\www\\\\projetm1\\\\api\\\\API\\\\Router.php","line":46}'),
(14629846131820, 'error', '{"err":"No matching route with method: GET and url: role\\/pverba17\\/7cbed127-0df3-11e6-9aa9-448a5b42bfcd","file":"C:\\\\wamp64\\\\www\\\\projetm1\\\\api\\\\API\\\\Router.php","line":46}'),
(14629846205711, 'error', '{"err":"No matching route with method: GET and url: role\\/pverba17\\/7cbed127-0df3-11e6-9aa9-448a5b42bfcd","file":"C:\\\\wamp64\\\\www\\\\projetm1\\\\api\\\\API\\\\Router.php","line":46}'),
(14629847978465, 'error', '{"err":"No matching route with method: GET and url: role\\/pverba17\\/7cbed127-0df3-11e6-9aa9-448a5b42bfcd","file":"C:\\\\wamp64\\\\www\\\\projetm1\\\\api\\\\API\\\\Router.php","line":46}'),
(14629847992417, 'error', '{"err":"No matching route with method: GET and url: role\\/pverba17\\/7cbed127-0df3-11e6-9aa9-448a5b42bfcd","file":"C:\\\\wamp64\\\\www\\\\projetm1\\\\api\\\\API\\\\Router.php","line":46}'),
(14629848160095, 'error', '{"err":"No matching route with method: GET and url: role\\/pverba17\\/7cbed127-0df3-11e6-9aa9-448a5b42bfcd","file":"C:\\\\wamp64\\\\www\\\\projetm1\\\\api\\\\API\\\\Router.php","line":46}'),
(14629849198521, 'error', '{"err":"No matching route with method: GET and url: role\\/pverba17\\/7cbed127-0df3-11e6-9aa9-448a5b42bfcd","file":"C:\\\\wamp64\\\\www\\\\projetm1\\\\api\\\\API\\\\Router.php","line":46}'),
(14629849208941, 'error', '{"err":"No matching route with method: GET and url: role\\/pverba17\\/7cbed127-0df3-11e6-9aa9-448a5b42bfcd","file":"C:\\\\wamp64\\\\www\\\\projetm1\\\\api\\\\API\\\\Router.php","line":46}'),
(14629852948137, 'error', '{"err":"No matching route with method: GET and url: role\\/pverba17\\/7cbed127-0df3-11e6-9aa9-448a5b42bfcd","file":"C:\\\\wamp64\\\\www\\\\projetm1\\\\api\\\\API\\\\Router.php","line":46}'),
(14629853252875, 'error', '{"err":"No matching route with method: GET and url: role\\/pverba17\\/7cbed127-0df3-11e6-9aa9-448a5b42bfcd","file":"C:\\\\wamp64\\\\www\\\\projetm1\\\\api\\\\API\\\\Router.php","line":46}'),
(14629853266396, 'error', '{"err":"No matching route with method: GET and url: role\\/pverba17\\/7cbed127-0df3-11e6-9aa9-448a5b42bfcd","file":"C:\\\\wamp64\\\\www\\\\projetm1\\\\api\\\\API\\\\Router.php","line":46}'),
(14629853284431, 'error', '{"err":"No matching route with method: GET and url: role\\/pverba17\\/7cbed127-0df3-11e6-9aa9-448a5b42bfcd","file":"C:\\\\wamp64\\\\www\\\\projetm1\\\\api\\\\API\\\\Router.php","line":46}'),
(14629853291395, 'error', '{"err":"No matching route with method: GET and url: role\\/pverba17\\/7cbed127-0df3-11e6-9aa9-448a5b42bfcd","file":"C:\\\\wamp64\\\\www\\\\projetm1\\\\api\\\\API\\\\Router.php","line":46}'),
(14629853296929, 'error', '{"err":"No matching route with method: GET and url: role\\/pverba17\\/7cbed127-0df3-11e6-9aa9-448a5b42bfcd","file":"C:\\\\wamp64\\\\www\\\\projetm1\\\\api\\\\API\\\\Router.php","line":46}'),
(14629854147872, 'error', '{"err":"No matching route with method: POST and url: role\\/pverba17\\/7cbed127-0df3-11e6-9aa9-448a5b42bfcd","file":"C:\\\\wamp64\\\\www\\\\projetm1\\\\api\\\\API\\\\Router.php","line":46}'),
(14629951514034, 'error', '{"err":"No matching route with method: GET and url: role\\/pverba17\\/7cbed127-0df3-11e6-9aa9-448a5b42bfcd","file":"C:\\\\wamp64\\\\www\\\\projetm1\\\\api\\\\API\\\\Router.php","line":46}'),
(14630403246256, 'error', '{"err":"No matching route with method: POST and url: clubs","file":"C:\\\\wamp64\\\\www\\\\projetm1\\\\api\\\\API\\\\Router.php","line":46}'),
(14630427388944, 'error', '{"err":"No matching route with method: POST and url: noteStudent","file":"C:\\\\wamp64\\\\www\\\\projetm1\\\\api\\\\API\\\\Router.php","line":46}');

-- --------------------------------------------------------

--
-- Structure de la table `member`
--

DROP TABLE IF EXISTS `member`;
CREATE TABLE IF NOT EXISTS `member` (
  `club_id` char(36) NOT NULL,
  `login` char(8) NOT NULL,
  `school_year` int(11) NOT NULL,
  `id_projet_club` char(36) DEFAULT NULL,
  `project_id` char(36) NOT NULL,
  `main_club` tinyint(1) NOT NULL,
  `member_mark` float DEFAULT NULL,
  `ex_member_not_wanted` tinyint(1) DEFAULT NULL,
  `recommandation` tinyint(1) DEFAULT NULL,
  `project_validation` tinyint(1) DEFAULT NULL,
  `member_comment` text,
  PRIMARY KEY (`club_id`,`login`,`school_year`),
  KEY `fk_affecte` (`id_projet_club`),
  KEY `fk_association_10` (`login`),
  KEY `fk_association_11` (`school_year`),
  KEY `fk_association_12` (`project_id`)
) ENGINE=InnoDB DEFAULT CHARSET=latin1;

--
-- Contenu de la table `member`
--

INSERT INTO `member` (`club_id`, `login`, `school_year`, `id_projet_club`, `project_id`, `main_club`, `member_mark`, `ex_member_not_wanted`, `recommandation`, `project_validation`, `member_comment`) VALUES
('7cbed127-0df3-11e6-9aa9-448a5b42bfcd', 'baboli17', 2016, NULL, '7cbd1a4b-0df3-11e6-9aa9-448a5b42bfcd', 0, NULL, NULL, NULL, NULL, NULL),
('7cbed127-0df3-11e6-9aa9-448a5b42bfcd', 'fduboi17', 2016, NULL, '7cbd3129-0df3-11e6-9aa9-448a5b42bfcd', 1, 13, NULL, NULL, NULL, NULL),
('7cbed127-0df3-11e6-9aa9-448a5b42bfcd', 'pverba17', 2016, NULL, '7cbd1a4b-0df3-11e6-9aa9-448a5b42bfcd', 1, 15, NULL, NULL, NULL, NULL),
('7cbed127-0df3-11e6-9aa9-448a5b42bfcd', 'qduche17', 2016, NULL, '7cbd322e-0df3-11e6-9aa9-448a5b42bfcd', 1, 14, NULL, NULL, NULL, NULL),
('7cbed24e-0df3-11e6-9aa9-448a5b42bfcd', 'gymorv17', 2016, NULL, '7cbd322e-0df3-11e6-9aa9-448a5b42bfcd', 1, NULL, NULL, NULL, NULL, NULL),
('7cbed24e-0df3-11e6-9aa9-448a5b42bfcd', 'mgoanv17', 2016, NULL, '7cbd1a4b-0df3-11e6-9aa9-448a5b42bfcd', 1, NULL, NULL, NULL, NULL, NULL),
('7cbed2e4-0df3-11e6-9aa9-448a5b42bfcd', 'gbiann17', 2016, NULL, '7cbd3129-0df3-11e6-9aa9-448a5b42bfcd', 0, NULL, NULL, NULL, NULL, NULL),
('7cbed2e4-0df3-11e6-9aa9-448a5b42bfcd', 'tcouss17', 2016, NULL, '7cbd3129-0df3-11e6-9aa9-448a5b42bfcd', 1, 2, NULL, NULL, NULL, NULL),
('7cbed38f-0df3-11e6-9aa9-448a5b42bfcd', 'ftoque17', 2016, NULL, '7cbd1a4b-0df3-11e6-9aa9-448a5b42bfcd', 1, NULL, NULL, NULL, NULL, NULL),
('7cbed38f-0df3-11e6-9aa9-448a5b42bfcd', 'gbiann17', 2016, NULL, '7cbd3129-0df3-11e6-9aa9-448a5b42bfcd', 1, NULL, NULL, NULL, NULL, NULL);

-- --------------------------------------------------------

--
-- Structure de la table `note_club`
--

DROP TABLE IF EXISTS `note_club`;
CREATE TABLE IF NOT EXISTS `note_club` (
  `club_id` char(36) NOT NULL,
  `school_year` int(11) NOT NULL,
  `note_club` float NOT NULL,
  `procurement_file` char(250) DEFAULT NULL,
  `budget` float DEFAULT NULL,
  PRIMARY KEY (`club_id`,`school_year`),
  KEY `fk_note_club2` (`school_year`)
) ENGINE=InnoDB DEFAULT CHARSET=latin1;

--
-- Contenu de la table `note_club`
--

INSERT INTO `note_club` (`club_id`, `school_year`, `note_club`, `procurement_file`, `budget`) VALUES
('7cbed127-0df3-11e6-9aa9-448a5b42bfcd', 2016, 14, NULL, NULL),
('7cbed2e4-0df3-11e6-9aa9-448a5b42bfcd', 2016, 2, NULL, NULL);

-- --------------------------------------------------------

--
-- Structure de la table `process`
--

DROP TABLE IF EXISTS `process`;
CREATE TABLE IF NOT EXISTS `process` (
  `club_id` char(36) NOT NULL,
  `process_id` char(36) NOT NULL,
  `process_name` char(60) NOT NULL,
  `process_link` char(100) DEFAULT NULL,
  PRIMARY KEY (`club_id`,`process_id`)
) ENGINE=InnoDB DEFAULT CHARSET=latin1;

-- --------------------------------------------------------

--
-- Structure de la table `project_club`
--

DROP TABLE IF EXISTS `project_club`;
CREATE TABLE IF NOT EXISTS `project_club` (
  `club_id` char(36) NOT NULL,
  `id_projet_club` char(36) NOT NULL,
  `name` char(80) NOT NULL,
  `link` char(255) DEFAULT NULL,
  `project_club_description` longtext,
  PRIMARY KEY (`club_id`,`id_projet_club`)
) ENGINE=InnoDB DEFAULT CHARSET=latin1;

-- --------------------------------------------------------

--
-- Structure de la table `projet`
--

DROP TABLE IF EXISTS `projet`;
CREATE TABLE IF NOT EXISTS `projet` (
  `project_id` char(36) NOT NULL,
  `project_type` char(10) NOT NULL,
  `project_description` longtext,
  PRIMARY KEY (`project_id`)
) ENGINE=InnoDB DEFAULT CHARSET=latin1;

--
-- Contenu de la table `projet`
--

INSERT INTO `projet` (`project_id`, `project_type`, `project_description`) VALUES
('7cbd1a4b-0df3-11e6-9aa9-448a5b42bfcd', 'PR+', '{ "title": "Projet à responsabilité +",\n                      "objectif": "Transmettre son savoir-faire, son expérience",\n                      "exemple": "Suivre son ancien PR avec le nouveau responsable",\n                      "quota": "60",\n                      "eval": "Le responsabel du club valide ou non un crédit ECTS"}'),
('7cbd3129-0df3-11e6-9aa9-448a5b42bfcd', 'PR', '{   "title": "Projet à responsabilité",\n                      "objectif": "Prendre des responsabilités, assurer l''encadrement et la prise de décision dans les activités d''un groupe ou d''une association",\n                      "exemple": "(Co-)Présider un club, organiser le SKISEN, animer l''une des principales actions de son club, entrainer une équipe sportive",\n                      "quota": "60",\n                      "eval": "Note (orale et dossier), compte dans le moyenne de l''année. La validation est obligatoire pour l''obtention du diplome"}'),
('7cbd322e-0df3-11e6-9aa9-448a5b42bfcd', 'PA', '{\n	"title": "Projet d''accompagnement",\n	"objectif": "Appuyer l''action d''un PR sur des tâches semi-complexes en relative autonomie",\n	"exemple": "s''occuper d''une exposition du BDA, participation active à un club",\n	"quota": 50,\n	"eval": "s''occuper d''une exposition du BDA, participation active à un club"\n}'),
('7cbd3295-0df3-11e6-9aa9-448a5b42bfcd', 'PI', '{\n	"title": "Projet d''intégration (à lISEN",\n	"objectif": "Se mettre au service ponctuellement d''un groupe ou d''une association",\n	"exemple": "Participer au rangement des tables après des portes-ouvertes, aider l''équipe du Gala",\n	"quota": 15,\n	"eval": "Participer au rangement des tables après des portes-ouvertes, aider l''équipe du Gala"\n}');

-- --------------------------------------------------------

--
-- Structure de la table `recommendation`
--

DROP TABLE IF EXISTS `recommendation`;
CREATE TABLE IF NOT EXISTS `recommendation` (
  `club_id` char(36) NOT NULL,
  `login` char(8) NOT NULL,
  `recommanded` tinyint(1) DEFAULT NULL,
  PRIMARY KEY (`club_id`,`login`),
  KEY `fk_recommendation2` (`login`)
) ENGINE=InnoDB DEFAULT CHARSET=latin1;

-- --------------------------------------------------------

--
-- Structure de la table `reunions`
--

DROP TABLE IF EXISTS `reunions`;
CREATE TABLE IF NOT EXISTS `reunions` (
  `club_id` char(36) NOT NULL,
  `id_reunion` char(36) NOT NULL,
  `reunion_date` bigint(20) DEFAULT NULL,
  `reunion_order` char(250) DEFAULT NULL,
  `reporting` char(250) DEFAULT NULL,
  `internal_reunion` tinyint(1) DEFAULT NULL,
  PRIMARY KEY (`club_id`,`id_reunion`)
) ENGINE=InnoDB DEFAULT CHARSET=latin1;

-- --------------------------------------------------------

--
-- Structure de la table `role`
--

DROP TABLE IF EXISTS `role`;
CREATE TABLE IF NOT EXISTS `role` (
  `id_role` char(36) NOT NULL,
  `role` char(40) NOT NULL,
  PRIMARY KEY (`id_role`)
) ENGINE=InnoDB DEFAULT CHARSET=latin1;

--
-- Contenu de la table `role`
--

INSERT INTO `role` (`id_role`, `role`) VALUES
('7cbc7230-0df3-11e6-9aa9-448a5b42bfcd', 'président'),
('7cbc83bf-0df3-11e6-9aa9-448a5b42bfcd', 'vice-président'),
('7cbc845d-0df3-11e6-9aa9-448a5b42bfcd', 'trésorier'),
('7cbc84a1-0df3-11e6-9aa9-448a5b42bfcd', 'secrétaire');

-- --------------------------------------------------------

--
-- Structure de la table `role_link`
--

DROP TABLE IF EXISTS `role_link`;
CREATE TABLE IF NOT EXISTS `role_link` (
  `club_id` char(36) NOT NULL,
  `login` char(8) NOT NULL,
  `school_year` int(11) NOT NULL,
  `id_role` char(36) NOT NULL,
  PRIMARY KEY (`club_id`,`login`,`school_year`,`id_role`),
  KEY `fk_role_link2` (`id_role`)
) ENGINE=InnoDB DEFAULT CHARSET=latin1;

--
-- Contenu de la table `role_link`
--

INSERT INTO `role_link` (`club_id`, `login`, `school_year`, `id_role`) VALUES
('7cbed127-0df3-11e6-9aa9-448a5b42bfcd', 'qduche17', 2016, '7cbc7230-0df3-11e6-9aa9-448a5b42bfcd'),
('7cbed24e-0df3-11e6-9aa9-448a5b42bfcd', 'mgoanv17', 2016, '7cbc7230-0df3-11e6-9aa9-448a5b42bfcd'),
('7cbed2e4-0df3-11e6-9aa9-448a5b42bfcd', 'tcouss17', 2016, '7cbc7230-0df3-11e6-9aa9-448a5b42bfcd');

-- --------------------------------------------------------

--
-- Structure de la table `users`
--

DROP TABLE IF EXISTS `users`;
CREATE TABLE IF NOT EXISTS `users` (
  `login` char(8) NOT NULL,
  `user_firstname` char(20) NOT NULL,
  `user_name` char(20) DEFAULT NULL,
  `user_mail` char(50) NOT NULL,
  `is_administrator` tinyint(1) DEFAULT NULL,
  `school_staff` tinyint(1) DEFAULT NULL,
  `phone` char(12) DEFAULT NULL,
  PRIMARY KEY (`login`)
) ENGINE=InnoDB DEFAULT CHARSET=latin1;

--
-- Contenu de la table `users`
--

INSERT INTO `users` (`login`, `user_firstname`, `user_name`, `user_mail`, `is_administrator`, `school_staff`, `phone`) VALUES
('baboli17', 'brendan', 'abolivier', 'brendan.abolivier@isen-bretagne.fr', 0, 0, NULL),
('ejoly017', 'erwan', 'joly', 'erwan.joly@isen-bretagne.fr', 0, 0, NULL),
('fduboi17', 'florentin', 'dubois', 'florentin.dubois@isen-bretagne.fr', 0, 0, NULL),
('ftoque17', 'françois', 'toquer', 'françois.toquer@isen-bretagne.fr', 0, 0, NULL),
('gbiann17', 'gilles', 'biannic', 'gilles.biannic@isen-bretagne.fr', 0, 0, NULL),
('gymorv17', 'guy-yann', 'morvan', 'guy-yann.morvan@isen-bretagne.fr', 0, 0, NULL),
('mgoanv17', 'maxime', 'goanvic', 'maxime.goanvic@isen-bretagne.fr', 0, 0, NULL),
('pverba17', 'pierre', 'verbaere', 'pierre.verbaere@isen-bretagne.fr', 0, 0, NULL),
('qduche17', 'quentin', 'ducher', 'quentin.ducher@isen-bretagne.fr', 0, 0, NULL),
('rcolli17', 'rémi', 'collignon', 'remi.collignon@isen-bretagne.fr', 1, 1, NULL),
('tcouss17', 'thomas', 'coussot', 'thomas.coussot@isen-bretagne.fr', 0, 0, NULL),
('vrioua17', 'vincent', 'riouallon', 'vincent.riouallon@isen-bretagne.fr', 0, 1, NULL);

-- --------------------------------------------------------

--
-- Structure de la table `year`
--

DROP TABLE IF EXISTS `year`;
CREATE TABLE IF NOT EXISTS `year` (
  `school_year` int(11) NOT NULL,
  PRIMARY KEY (`school_year`)
) ENGINE=InnoDB DEFAULT CHARSET=latin1;

--
-- Contenu de la table `year`
--

INSERT INTO `year` (`school_year`) VALUES
(2016);

--
-- Contraintes pour les tables exportées
--

--
-- Contraintes pour la table `choice`
--
ALTER TABLE `choice`
  ADD CONSTRAINT `fk_association_8` FOREIGN KEY (`login`) REFERENCES `users` (`login`),
  ADD CONSTRAINT `fk_association_9` FOREIGN KEY (`club_id`) REFERENCES `club` (`club_id`);

--
-- Contraintes pour la table `classe`
--
ALTER TABLE `classe`
  ADD CONSTRAINT `classe_ibfk_1` FOREIGN KEY (`school_year`) REFERENCES `year` (`school_year`);

--
-- Contraintes pour la table `club`
--
ALTER TABLE `club`
  ADD CONSTRAINT `fk_manage` FOREIGN KEY (`login`) REFERENCES `users` (`login`);

--
-- Contraintes pour la table `effectif`
--
ALTER TABLE `effectif`
  ADD CONSTRAINT `fk_effectif` FOREIGN KEY (`club_id`) REFERENCES `club` (`club_id`),
  ADD CONSTRAINT `fk_effectif2` FOREIGN KEY (`project_id`) REFERENCES `projet` (`project_id`);

--
-- Contraintes pour la table `event`
--
ALTER TABLE `event`
  ADD CONSTRAINT `fk_association_14` FOREIGN KEY (`club_id`) REFERENCES `club` (`club_id`);

--
-- Contraintes pour la table `member`
--
ALTER TABLE `member`
  ADD CONSTRAINT `fk_association_10` FOREIGN KEY (`login`) REFERENCES `users` (`login`),
  ADD CONSTRAINT `fk_association_11` FOREIGN KEY (`school_year`) REFERENCES `year` (`school_year`),
  ADD CONSTRAINT `fk_association_12` FOREIGN KEY (`project_id`) REFERENCES `projet` (`project_id`),
  ADD CONSTRAINT `fk_compose` FOREIGN KEY (`club_id`) REFERENCES `club` (`club_id`);

--
-- Contraintes pour la table `note_club`
--
ALTER TABLE `note_club`
  ADD CONSTRAINT `fk_note_club` FOREIGN KEY (`club_id`) REFERENCES `club` (`club_id`),
  ADD CONSTRAINT `fk_note_club2` FOREIGN KEY (`school_year`) REFERENCES `year` (`school_year`);

--
-- Contraintes pour la table `process`
--
ALTER TABLE `process`
  ADD CONSTRAINT `fk_association_17` FOREIGN KEY (`club_id`) REFERENCES `club` (`club_id`);

--
-- Contraintes pour la table `project_club`
--
ALTER TABLE `project_club`
  ADD CONSTRAINT `fk_association_15` FOREIGN KEY (`club_id`) REFERENCES `club` (`club_id`);

--
-- Contraintes pour la table `recommendation`
--
ALTER TABLE `recommendation`
  ADD CONSTRAINT `fk_recommendation` FOREIGN KEY (`club_id`) REFERENCES `club` (`club_id`),
  ADD CONSTRAINT `fk_recommendation2` FOREIGN KEY (`login`) REFERENCES `users` (`login`);

--
-- Contraintes pour la table `reunions`
--
ALTER TABLE `reunions`
  ADD CONSTRAINT `fk_association_16` FOREIGN KEY (`club_id`) REFERENCES `club` (`club_id`);

--
-- Contraintes pour la table `role_link`
--
ALTER TABLE `role_link`
  ADD CONSTRAINT `fk_role_link` FOREIGN KEY (`club_id`,`login`,`school_year`) REFERENCES `member` (`club_id`, `login`, `school_year`),
  ADD CONSTRAINT `fk_role_link2` FOREIGN KEY (`id_role`) REFERENCES `role` (`id_role`);

/*!40101 SET CHARACTER_SET_CLIENT=@OLD_CHARACTER_SET_CLIENT */;
/*!40101 SET CHARACTER_SET_RESULTS=@OLD_CHARACTER_SET_RESULTS */;
/*!40101 SET COLLATION_CONNECTION=@OLD_COLLATION_CONNECTION */;
